Nr Camere,Suprafata,Etaj,Total Etaje,Sector,Scor,Pret
4,108,2,3,4,5,83000
1,41,1,8,1,1,39900
3,63.52,1,3,2,3,84900
1,33,3,10,5,1,45500
2,62,5,9,5,5,54900
3,132,2,6,1,2,349990
2,49,6,6,6,4,36500
3,92,4,8,2,2,119000
3,68,3,5,4,5,67500
3,110,1,2,1,1,133000
3,74.7,5,5,3,4,122000
2,51,6,10,3,4,66800
2,50,8,9,1,1,79900
3,76,1,3,1,4,119900
2,62.2,1,5,3,2,87000
1,28,9,9,6,4,34000
2,55.35,5,5,3,4,93000
4,200,5,5,3,4,181500
4,99.55,1,4,3,2,145000
2,60.95,2,2,3,4,82500
3,84.02,3,5,1,1,184478
3,70,7,8,3,4,71000
2,46,7,10,6,4,53000
2,58,5,5,4,5,58900
2,71,2,6,5,5,49600
2,52,3,11,4,5,50500
2,60,3,3,6,4,55800
3,76,1,6,6,4,62900
1,35.06,10,12,1,2,60000
3,75,1,3,6,4,59500
2,63,3,8,3,4,78500
3,62,3,8,4,5,84900
2,50,2,3,3,4,57700
2,61,2,3,4,5,63000
2,53,8,10,6,4,57000
3,77,3,13,3,4,97900
4,128.65,2,3,1,1,265000
2,64,3,3,3,4,57500
2,56,3,11,4,5,59000
3,80,0,11,6,4,67900
2,51,2,3,3,4,56000
2,54,1,5,6,4,51300
1,37,1,5,2,3,36950
2,45.23,-1,5,6,4,36300
2,66,2,5,5,1,79080
2,61.46,2,5,1,2,78000
2,54,3,3,2,3,77000
3,78.52,3,5,1,4,88100
3,80,3,3,4,5,73000
3,66,3,6,2,3,90000
2,61,0,11,6,4,53900
3,71.59,4,7,1,1,94000
3,78.4,2,11,3,2,142000
1,31,2,7,6,4,25000
3,107,3,3,1,2,220000
2,48.6,3,11,4,5,59000
2,82.92,3,7,6,4,64000
2,62.3,1,7,1,2,107800
2,52,4,8,5,5,56500
5,100,1,1,1,2,140000
1,39.2,1,6,6,5,45000
3,72.71,1,7,1,1,125000
2,60,1,4,1,1,69900
2,39.49,7,8,6,4,36500
1,37,2,10,2,3,69000
2,47,4,11,6,4,64181
3,98,1,8,1,2,204069
4,98,1,9,5,5,88500
2,52,0,3,4,5,44500
1,36,8,8,3,2,46000
2,42,0,3,4,5,40000
2,50,3,5,1,2,75597
3,64.26,2,11,4,5,73000
1,40,3,4,2,3,73000
3,74,3,5,4,5,83000
2,41,3,3,6,4,35500
3,89.81,3,7,2,3,73715
4,247,10,11,1,1,213900
2,58.14,2,3,2,3,76500
3,80,4,5,2,3,122364
2,65.6,1,5,4,5,55100
2,50,6,10,3,4,72000
3,110,1,5,1,1,239000
3,66.59,1,10,3,4,92000
2,53,2,3,1,1,75000
1,44.06,1,5,3,2,55075
2,48,1,4,3,4,44555
2,57,0,3,2,2,75672
2,49,3,3,1,4,81000
2,55.6,0,3,3,2,108600
3,70,8,9,6,4,73000
2,61,7,8,4,5,80000
1,30,8,10,3,4,45000
3,68,0,2,1,4,125000
2,64,2,6,1,1,140000
3,69,0,2,1,2,125000
3,67,4,9,6,4,73000
3,65,1,4,6,4,71900
2,55,1,3,3,4,49500
3,71,1,10,2,1,137000
2,60,1,2,4,2,84500
3,87,3,6,1,2,220000
3,130.15,7,10,1,1,205000
3,72,2,10,6,4,94000
4,87.7,4,9,1,1,134900
2,63,11,11,1,1,105000
2,72,4,12,3,2,120500
3,61,5,10,2,3,75000
2,55,2,4,1,4,88000
3,78.32,1,3,1,1,96000
2,42,1,7,1,1,52190
4,100,8,8,3,4,130000
2,43,9,9,1,2,67000
1,40.05,1,11,1,4,59500
2,61,6,7,1,2,113580
3,78.14,1,4,1,4,88400
2,57.87,1,4,2,3,55100
3,116,1,2,4,5,125000
2,56.3,7,11,2,2,75000
3,68.3,2,5,2,3,68300
2,67,6,10,1,2,92000
2,48.9,5,12,4,5,65160
4,137.57,6,6,3,2,220122
3,70,2,10,2,3,82900
2,48,2,5,4,5,49500
2,51,3,4,1,4,87900
2,48,8,8,1,1,73000
2,48,3,6,5,1,84000
2,49,2,4,4,5,48500
2,65.12,3,5,3,2,82375
2,59,1,2,1,1,71500
3,143,0,3,4,5,79990
2,52,3,3,2,3,71012
5,177.51,5,5,3,4,330000
1,36,3,4,6,4,32850
3,86,5,6,1,2,98000
2,53,6,10,6,4,53100
2,58,1,6,1,2,75400
3,60,2,4,3,4,64900
2,40,0,2,3,4,35500
1,36,1,3,4,5,47000
2,48.8,1,6,4,5,47000
1,34.4,1,3,2,3,35300
5,126.4,4,5,1,1,256110
1,30,1,3,2,3,29900
3,65,3,11,1,1,85510
3,60,0,8,3,4,65000
1,34,2,3,4,5,37300
3,66,1,4,4,5,75900
2,41,1,4,3,4,43000
2,58,2,3,3,4,45000
2,48.35,5,5,6,4,38000
2,40,1,5,3,4,35000
2,46,2,2,3,4,51900
1,31,1,4,4,5,39500
3,85,1,1,6,4,72250
2,50,2,4,3,4,49700
3,69.3,1,1,6,4,58900
4,105,1,4,3,4,102000
2,42,1,4,1,1,65500
3,104.26,1,11,1,1,238000
2,55,4,8,3,4,72500
3,63.52,1,3,1,3,84900
2,45,8,10,1,2,74000
2,50,0,5,3,4,76600
3,74,1,4,1,1,129325
3,72,2,4,3,2,123500
2,72,6,9,4,5,75500
2,51,8,9,2,2,78850
2,54,1,3,4,5,79500
4,108,2,7,4,5,83000
3,86,1,4,4,5,104500
3,85,3,4,2,2,130000
2,68.62,5,9,6,4,54896
2,51,3,6,4,5,52600
4,81,0,4,3,4,77900
2,65,10,11,6,4,53500
3,79,1,5,2,3,134505
1,34.2,2,3,2,3,53010
2,61,3,11,6,4,54900
3,73,4,8,3,2,129000
1,36,0,4,4,5,38900
2,64,1,4,2,3,95900
1,34.2,1,3,2,2,53010
4,113.67,4,7,1,1,270000
2,51.84,1,5,6,4,56800
2,50,0,4,3,4,47405
1,40,2,8,3,4,51500
2,55,2,6,4,5,47000
2,55,1,3,4,5,55000
3,68.03,1,5,2,3,65050
3,66.95,2,11,1,2,83000
1,37.4,1,6,6,4,33700
2,38.85,1,4,4,5,33300
4,102,0,5,1,1,229900
3,80,3,11,6,4,69500
3,80,2,8,4,2,125000
3,71,1,5,3,4,132000
2,70,4,9,1,1,82500
2,50,1,3,4,5,48450
4,82,1,4,3,4,78000
3,100,1,5,6,4,137000
2,51,2,4,1,4,65000
2,38,0,4,3,4,34900
3,55,1,11,1,1,95370
2,50,2,3,4,5,46150
2,55.45,5,5,2,3,58100
3,90,1,7,2,5,73715
3,87,4,8,2,3,75000
3,60.03,3,9,6,4,70952
4,85,4,4,4,5,58000
3,62,2,4,1,4,79000
4,87,1,3,4,2,129000
2,58,2,11,4,5,59000
2,57,1,4,4,5,53000
2,50.37,5,11,4,5,58000
2,38.85,1,6,4,5,34965
2,60,2,7,4,5,57000
2,59,1,1,1,4,79650
2,48,1,2,3,4,54800
3,88,1,6,1,2,98000
3,77.11,1,9,2,1,161626
2,56.5,1,5,1,1,112992
3,77.49,0,5,1,2,140000
4,205,6,7,3,2,248000
3,110,9,17,3,2,165000
3,94,3,3,3,2,142800
2,60,1,3,2,3,52000
3,104.26,1,11,1,1,238000
2,65,8,10,3,2,103000
2,54,0,5,4,5,54900
2,69,3,3,2,3,89000
3,115,10,11,2,1,150000
1,35.75,1,3,3,2,63900
3,80,1,3,1,1,159000
2,60,2,3,4,5,69500
2,55,1,4,4,5,61000
3,85.41,5,5,1,1,96500
3,72,1,11,1,1,123219
3,88,2,6,4,5,63900
2,55,1,3,3,4,62600
3,79,1,8,3,2,139990
2,64.55,1,5,3,2,80687
2,64,3,6,1,2,119500
2,60,3,4,6,4,59629
3,94.8,1,10,1,2,115000
3,107,6,10,1,2,124000
4,130,2,5,1,2,80000
3,112,3,8,4,5,87000
2,47,2,3,5,5,39995
2,79.03,5,13,1,1,215000
2,63,2,8,4,5,57000
2,51,0,2,2,5,46000
2,32,4,8,3,4,40800
3,139,2,6,1,2,290000
3,71,4,8,3,4,80000
3,85,5,6,6,4,71000
2,46,2,4,2,3,59500
3,67,10,10,3,4,67000
2,58,2,3,2,2,76779
3,67,2,4,1,2,142000
3,53,0,4,4,5,52900
2,52,1,4,4,5,43100
2,50,2,10,3,4,60000
3,105,6,10,2,5,99000
4,156,3,4,1,1,275000
2,51,8,10,6,4,48500
2,68.64,7,7,1,1,125000
2,50,2,5,3,4,42500
2,47,5,11,3,4,68500
3,82.49,6,11,1,1,150000
3,72.03,5,7,1,1,140000
2,55,3,9,3,4,75400
2,56,0,4,2,3,42500
3,75,0,3,4,5,97000
1,37,0,3,3,4,34900
3,72.1,3,3,6,4,69000
3,72,3,3,4,5,73000
3,118,0,2,3,4,110250
3,91.8,1,5,3,2,114750
3,88,0,2,3,4,105000
3,76.3,1,10,1,1,161958
2,54,1,3,1,1,72000
3,63.5,3,6,2,3,65000
2,54,2,11,4,5,56000
2,44,3,3,4,5,56000
3,90,3,3,3,4,95000
3,110,2,4,1,2,170000
3,84,2,5,4,5,68100
1,35.1,5,11,6,4,45000
2,55,2,9,3,4,77400
2,51,1,5,3,4,93000
2,57,0,10,5,5,64800
2,57.23,2,5,1,1,66000
2,39.55,5,10,1,1,78000
3,79,3,4,4,5,73000
1,35.86,11,11,1,2,60000
2,51,1,10,3,4,69950
3,86,4,5,1,2,81383
2,54,3,5,4,5,45505
2,56,4,4,1,1,109000
2,40,4,6,6,4,44900
2,58,0,2,2,3,61000
2,50,4,9,6,4,51000
3,80,1,8,3,2,170500
2,48,2,4,6,5,60900
3,95,2,2,1,2,144000
3,72,3,8,4,2,109900
3,130.26,2,7,1,1,172000
3,88,2,7,3,4,97000
3,112,1,1,6,4,197154
3,70,7,8,4,5,75000
3,65,3,4,6,4,64500
1,47.22,-1,2,2,2,54900
2,49.72,1,4,1,1,125000
3,74.2,3,3,6,4,59800
2,54,4,4,1,1,118000
4,110,4,6,3,2,209000
2,67.13,6,8,6,4,77000
3,86,3,4,6,4,86700
2,40,0,2,3,4,38500
2,56.57,0,5,6,4,64300
2,55,4,5,3,2,61500
3,64.85,4,8,1,1,94500
1,30,2,2,1,2,55000
2,53,1,2,3,4,50500
4,111,11,11,1,1,210931
2,56,1,4,3,4,85000
2,49,9,10,4,5,46000
3,79.64,5,7,1,1,100000
1,33,0,10,6,4,29499
2,50.22,3,7,6,4,51500
2,51,4,10,2,3,71000
3,84,1,4,5,1,122000
1,36,4,10,1,1,40900
3,98,1,5,4,2,150000
2,48,2,10,3,4,67000
3,155,1,5,2,1,360000
4,116,13,17,6,4,121000
7,210,0,4,1,2,299900
1,39.13,0,10,1,4,49500
3,100,6,8,3,2,167000
2,45,0,4,1,4,51500
3,68,1,8,3,4,76900
3,67,3,4,6,4,67000
2,56,5,10,3,4,79800
2,48,1,10,2,3,59900
3,110,2,2,1,1,229000
3,62,1,10,4,2,91000
2,55,4,4,3,2,78000
1,35,2,2,6,4,40500
3,100,5,5,2,2,100000
1,39,0,8,6,4,49000
2,56,3,9,3,4,79800
3,95,4,4,1,2,218000
2,57,6,10,2,5,65200
2,48.6,4,10,3,4,59500
3,98,8,8,4,2,129000
2,62,3,11,4,5,60500
2,37,-1,2,1,1,49500
4,93,8,8,5,1,138000
2,64.87,7,7,2,5,56000
3,78,3,4,3,2,85000
4,80,0,10,2,3,76000
3,78,2,11,6,4,99574
2,45,2,3,1,1,75000
1,47.19,5,6,3,2,75504
3,76,6,11,2,5,102000
2,56.46,10,13,1,1,165000
2,52,2,4,6,4,57990
2,47,2,10,1,1,92900
3,65,5,10,6,4,73000
2,64.19,4,4,1,2,109500
1,49,1,11,1,1,82447
1,45,6,8,6,5,63500
3,115,6,6,1,2,237000
2,47,8,8,3,4,60000
1,41,10,10,2,3,44000
2,59.85,1,11,2,5,79500
3,62,6,10,2,5,57000
3,76,1,8,2,2,172000
3,74,1,8,6,5,56000
3,86,5,5,1,1,165000
3,92.06,1,3,1,2,145927
2,50,1,5,3,4,42450
3,68,4,5,1,1,163000
2,50.93,1,3,2,3,57400
4,96,3,8,5,1,126000
2,56,3,4,4,5,59900
2,52,0,4,5,4,73500
2,46,5,5,1,4,61500
2,60,0,8,2,3,63499
2,57,3,4,1,1,89400
2,60.27,4,10,4,5,64000
1,48,3,8,3,2,88500
3,65.97,1,3,2,2,161907
2,101,0,1,2,3,184000
2,47,3,3,2,1,87000
2,63,13,16,2,1,125000
4,82,8,10,4,5,112000
2,54,1,4,1,1,111900
2,54.63,1,2,1,4,86500
2,59.67,1,4,1,4,69900
3,74.95,13,14,6,4,66957
3,90,3,3,1,1,135000
2,48.44,1,4,4,5,45400
2,58.01,5,10,1,1,170000
3,80,2,4,1,2,123000
2,49,5,10,4,5,48999
3,75,3,8,6,4,72000
2,51,0,4,1,1,90000
2,47,2,7,1,4,66000
2,53,8,10,6,4,56000
2,55,2,2,3,4,57700
2,56,2,6,3,4,105000
2,63,1,11,6,5,59900
3,66,1,2,1,2,130000
3,84.55,2,2,3,4,118500
1,32,8,10,6,4,36000
3,90,2,4,2,3,72100
3,69,5,8,2,3,82000
4,91,3,5,1,2,82600
3,130,0,8,6,4,89000
3,95,1,3,1,4,139000
1,44.06,1,5,5,5,55075
3,77,8,10,2,3,76000
2,50,3,4,6,5,68000
4,82,2,10,2,2,110000
4,199.3,10,10,1,2,248000
2,74,11,16,2,1,135000
2,54,4,4,6,4,54000
1,40,3,8,3,4,55000
2,59.35,2,2,3,4,80000
2,61,4,5,1,1,67150
3,63,4,7,1,1,105550
2,59.9,2,7,4,5,57500
3,67.62,5,5,4,5,57500
3,68,3,5,4,5,64900
3,70,1,8,4,5,65500
2,53,8,10,6,4,54900
2,64,0,4,1,1,127000
3,123.49,1,7,2,2,139000
3,87,3,7,4,5,78900
5,170,0,1,1,1,275000
2,64,7,10,5,5,53900
2,49.25,7,10,6,4,52900
3,84,1,5,1,2,133820
2,59,3,5,5,5,52672
2,53.75,5,5,3,4,91000
3,90,2,3,1,4,128000
5,180,1,2,1,1,299000
1,38,5,5,4,5,38000
2,52,4,6,6,4,55000
3,126,5,5,1,2,243000
2,64.77,1,3,3,2,105000
3,74.95,13,14,6,4,66957
1,45,1,5,4,5,36000
2,67,2,3,2,3,61000
2,64,1,5,1,1,95000
2,53,3,10,2,5,59500
2,57,4,5,3,4,49900
4,90,3,8,1,2,169000
2,57,4,5,3,2,139900
2,75,4,5,1,2,125539
3,93.9,3,8,6,4,85605
1,46,3,3,2,2,64204
1,40,9,11,3,4,49524
3,74,9,10,5,5,65900
3,74,5,10,5,5,66400
2,61.9,2,8,6,4,59470
2,50,0,4,4,5,60000
2,55,4,7,3,2,82000
3,77,0,4,4,5,82500
2,57,9,9,3,4,75200
3,75,2,5,4,5,73000
3,90,1,7,2,3,73715
2,52.37,4,7,1,1,120000
2,51,12,14,3,4,67500
3,96,2,5,2,3,146000
3,79,1,5,3,2,189000
3,96.3,6,12,1,1,269000
3,80,0,1,3,4,92000
3,100,4,7,4,2,129200
3,103,2,12,1,1,248000
1,43,1,4,6,4,42800
3,70,-1,5,2,3,57000
3,93,4,5,4,5,64600
2,53.6,1,5,2,3,51050
3,80.94,5,9,3,4,85000
1,28,1,1,6,4,22500
2,55,1,4,4,5,60500
1,30,1,4,3,4,39999
2,44,4,5,4,5,43500
3,79.9,2,3,6,4,100000
4,263,5,5,1,1,495000
2,50,1,3,4,5,45000
1,32,1,3,2,1,60900
2,59,7,9,3,4,78300
3,92,9,9,3,2,109000
3,80,1,8,3,2,170500
2,45.87,1,8,2,3,62000
2,58,0,3,1,1,76934
2,58,1,4,3,4,82950
2,46.3,0,11,1,1,64728
1,44,2,5,4,5,38000
2,54.3,1,11,2,1,118500
4,96,1,5,1,1,174839
2,60.25,2,9,6,4,70952
3,81.79,0,2,2,2,160000
2,51,0,3,3,4,46100
3,67.7,0,7,1,1,93426
2,67,3,3,3,4,49900
3,65,5,10,5,1,80100
2,46,2,3,3,4,40850
3,83,1,4,2,3,67200
4,143,2,5,1,1,273000
2,55,5,11,6,4,47900
3,80,0,3,1,4,106000
2,41.1,0,3,3,4,47500
2,51,6,8,6,4,55700
3,69,0,11,1,1,95312
3,78,2,7,3,4,88000
3,66.13,0,7,1,1,93426
3,72,2,11,4,5,73000
4,95,1,8,5,5,99000
2,66.5,2,6,5,5,57000
2,61,10,11,6,4,52500
4,110.1,2,11,4,2,185000
2,65,3,11,6,4,55900
2,53,1,7,6,4,46000
2,55,1,11,2,5,75000
3,97.5,2,6,1,1,169000
2,37.52,1,3,1,2,79000
3,112,0,1,6,4,84900
2,55,2,4,4,5,46600
3,80.28,0,2,1,2,96000
3,60,1,4,3,4,67000
1,35,1,4,1,4,43000
2,64,2,3,4,5,59993
2,61.75,2,11,1,1,64700
2,65,0,8,6,4,66500
4,89,8,8,3,4,89900
2,53,9,10,2,3,55990
3,66,5,10,6,4,65000
2,67,4,7,4,5,72000
2,55,1,3,4,5,45126
2,69.93,2,5,3,2,87413
2,52,7,7,4,2,81000
2,65.9,3,5,3,2,82375
2,46,1,5,6,4,49400
5,105,9,10,3,4,89000
3,150.24,5,6,1,1,390000
1,45.72,0,3,2,3,37000
2,56,1,8,3,2,115500
4,85,1,1,5,5,86000
2,38,1,5,1,1,47560
2,59,6,11,2,5,79500
2,56,2,11,6,4,71500
4,93,8,8,5,1,138000
2,52,0,2,4,5,46900
2,55,2,10,4,5,55000
3,86,3,3,3,4,59950
2,56,3,5,1,2,81360
1,31,5,10,6,4,38000
2,54,2,6,3,4,75500
4,90,4,8,3,2,159000
3,70,4,4,3,4,80000
1,40,0,10,1,2,67000
3,77,9,11,3,4,89500
3,84,4,4,1,2,143000
2,64.87,4,7,2,5,56953
2,46,3,6,1,1,59080
4,90,8,8,5,1,69900
2,56.3,10,11,3,4,75000
3,135,0,12,2,3,259000
3,73.25,8,11,2,5,103000
4,105,1,8,5,1,170400
1,32,1,4,4,5,47000
1,40,4,5,3,4,37000
3,82,1,4,1,1,140000
2,56.61,8,8,2,3,72000
6,106.95,1,2,1,2,128000
2,67,3,7,4,5,76500
3,83,4,9,3,4,120500
3,87,17,18,1,4,110000
3,81,2,4,3,4,83900
2,60.52,5,9,6,4,48416
1,38.71,1,6,6,4,43000
1,32.93,2,3,6,4,26600
3,74.95,13,14,6,4,66957
2,51,2,3,6,4,41800
3,81,7,8,3,2,155100
1,32.93,1,3,6,4,26600
3,80,2,6,1,2,103500
2,74.95,13,14,6,4,64457
1,32.86,2,3,6,4,26600
3,70,4,4,1,4,86900
2,53.74,2,6,6,4,60000
3,90,4,4,3,4,86000
3,143,0,5,4,5,79900
3,86,1,4,3,4,86900
2,61,1,3,4,5,69900
2,58.19,1,6,1,1,120089
2,53,0,5,4,5,58900
3,84.58,2,6,1,1,175824
3,94.77,-1,6,1,1,196970
3,90,2,2,3,4,66900
2,51.97,2,3,2,3,56500
3,72.27,6,10,6,4,79500
1,34,1,3,4,5,49900
5,250,6,7,3,2,360000
2,49,4,4,6,4,47000
3,84,1,7,3,2,147300
3,91,3,4,6,4,79048
2,40,1,6,4,5,34900
4,85,4,4,4,5,58000
3,82.1,1,3,3,2,133900
3,79,1,14,3,4,98000
3,68,1,4,3,4,58800
1,37,7,10,2,1,72500
4,147,2,4,2,2,329000
2,51.8,3,11,4,2,99800
3,86,1,3,2,3,85000
1,41.5,2,4,5,5,37350
2,71,2,6,6,4,52285
2,64.55,1,5,5,5,80687
1,35,1,2,2,3,43700
4,97.72,1,3,2,5,78000
2,78,3,4,4,5,64000
2,51,4,4,3,4,57000
3,78.54,1,11,2,1,178000
2,65,2,7,2,3,56000
2,60,1,3,3,4,55000
2,71,6,9,4,5,74500
2,48.83,2,10,4,5,61000
2,39,1,5,1,1,51660
3,73,4,7,4,5,84900
2,50,4,4,2,2,57999
3,74,7,8,3,2,127000
2,56,0,2,1,2,59000
3,111.89,3,6,3,2,179024
2,56.3,9,11,2,5,75000
3,70,7,8,3,4,80000
4,76.7,5,8,2,3,85500
3,81,4,4,3,4,145000
3,92.5,1,2,1,2,150000
3,75,2,5,4,5,62910
3,82,2,3,6,4,55000
4,82,0,3,5,5,72900
2,56,1,8,6,4,71000
2,59,2,5,4,5,46650
2,55,0,4,3,4,59500
1,46.78,1,7,2,5,41429
3,116,0,4,1,1,108225
2,52,10,10,5,5,45900
2,81,7,9,1,2,146454
3,77,1,3,3,4,68500
2,63.08,2,6,1,1,149000
3,131,1,9,1,2,227453
2,70,1,3,6,4,46500
2,56.3,6,11,2,5,75000
5,111,2,10,1,1,289000
2,57,2,2,6,4,48200
3,74,1,2,1,2,95000
2,55.71,8,10,6,4,77500
1,16,4,5,3,4,19905
3,145,1,3,1,1,179000
1,36,1,4,3,4,35500
3,80,0,5,1,2,229900
1,40,0,4,6,4,46000
2,61.08,1,6,1,1,109000
3,80,1,3,6,5,86000
3,60,1,10,1,2,80000
3,127,3,6,2,1,330000
2,38,0,6,6,4,29500
2,53,7,10,2,3,52000
3,78,1,7,1,1,97000
3,85,2,4,2,3,82900
3,145,2,2,1,1,149000
2,47,3,7,4,5,52000
4,81,4,4,4,5,95000
2,63,2,6,1,1,155000
2,55,2,10,4,5,49900
2,61,1,4,4,5,69000
5,131,1,4,2,2,155000
3,71,6,6,1,1,102000
2,58,1,5,4,5,52155
2,53.64,3,13,1,1,160000
3,75,1,4,4,5,58100
2,60.1,5,5,3,4,100000
3,36,1,4,5,5,36000
2,66,2,5,5,5,80688
3,68,1,5,4,5,67500
2,49,1,5,6,4,41500
2,74.95,13,14,6,4,64457
2,55,5,8,2,1,75000
3,71,3,3,6,4,56500
2,51,3,10,4,5,50500
3,85,1,2,1,2,165000
3,80,3,3,1,4,140000
3,106.44,3,6,1,2,220000
3,88.9,5,5,3,4,143500
2,64,1,5,1,2,95000
3,73.2,0,3,6,5,83300
2,41,2,10,2,3,49900
3,84,1,3,6,5,115000
2,90,1,2,2,2,109000
3,96,6,7,3,2,129600
2,60,1,5,6,4,56200
2,40,8,8,6,4,34000
3,81,7,8,3,2,138750
2,49,1,4,1,1,64090
3,67,2,10,1,1,129508
3,75,3,5,4,5,62900
3,78,1,3,1,1,99000
4,89,4,4,4,5,98000
3,76.51,1,5,1,1,88800
2,59,2,7,3,4,67500
2,53,1,3,6,4,42500
2,51.24,1,3,4,5,46116
3,75,1,3,4,2,97000
2,53,1,9,1,2,65700
2,64,2,4,2,3,54500
2,76,0,3,5,5,82800
2,61,1,8,4,5,69350
3,88,3,9,1,1,103200
3,118,1,4,1,1,120000
3,88.15,5,6,3,2,150500
3,93.9,2,5,3,4,141000
3,80,5,11,4,5,70500
1,35,1,3,4,5,35250
2,52,2,11,4,5,48100
3,79.85,5,6,3,2,136000
1,37,0,3,3,4,34900
3,90,4,7,1,1,119800
2,49.02,1,3,2,3,39683
2,65,1,4,1,2,129000
1,45,1,5,4,5,33600
2,58.15,3,6,3,2,99000
2,55,2,9,4,2,77400
1,35,1,4,1,2,43000
2,65.75,1,11,2,1,145500
3,79.2,3,11,4,2,144000
2,76,5,8,3,2,140000
3,76,1,9,3,4,110000
4,115.3,1,1,1,2,191000
1,38,2,3,3,4,34500
3,86,2,4,3,4,77500
5,147,0,1,1,1,225000
3,70.19,3,5,1,1,140384
2,54.3,5,11,1,1,123500
2,55,2,9,3,4,77400
1,35,0,5,2,3,34500
3,88,3,4,1,1,123500
2,59,6,10,4,5,65500
3,73,1,3,1,2,110000
3,70.06,3,9,5,1,117460
3,71,2,11,6,4,95105
3,108,2,4,3,4,82000
3,73.04,0,5,5,1,135000
4,136.61,5,5,1,1,160000
2,57.34,1,5,1,1,83800
3,90,3,6,1,2,165000
2,50,10,10,3,4,56000
2,58.15,6,10,2,2,118000
1,34,1,3,4,5,37000
4,99,3,9,3,4,145000
3,126,5,5,1,2,243000
3,102.25,2,3,1,2,89000
2,59.75,4,11,2,5,79500
2,52,5,10,3,4,63000
1,36,7,8,2,2,39999
4,136,1,3,1,4,233000
2,87.05,4,6,4,2,119900
2,50,9,10,2,5,55000
2,64.87,6,7,2,5,56000
3,92.6,4,7,1,2,157510
1,40,4,6,3,4,69900
7,162,0,1,6,4,318000
2,56.45,6,11,2,5,73000
4,136,3,3,1,2,199000
3,71.65,7,11,2,5,103000
5,141,1,4,1,2,267000
2,64.87,3,7,2,5,56953
4,123,1,3,6,4,120000
3,84,4,4,2,3,68500
2,59.75,5,11,2,5,79500
2,53,1,11,4,5,56000
3,80,2,4,1,2,176160
3,88.79,5,7,2,3,72760
2,56,4,11,4,5,58000
3,70.82,2,11,6,4,98000
2,63,1,3,6,4,58500
4,176.22,7,13,1,1,495000
2,58,2,3,2,2,76779
2,43,2,6,4,5,37500
2,121,1,3,2,2,80885
2,50,1,5,4,5,41915
2,68,6,9,4,5,74000
1,35,1,3,4,5,49900
1,45,1,5,4,5,33600
2,50,2,3,2,2,76779
2,54.18,2,5,1,4,61000
2,44.8,1,10,1,1,92000
2,52,2,3,3,4,45600
2,60,2,4,6,5,68000
3,68,1,3,1,2,102000
3,68,8,8,3,4,75500
1,37,1,5,2,3,35190
2,58,0,3,6,4,79900
2,44,1,6,4,5,38500
1,32,0,5,3,4,40000
1,30,0,5,4,5,35000
2,57,1,3,2,3,54000
2,64,5,11,6,4,54990
2,50,2,3,2,2,71489
3,83,2,4,2,3,67100
2,58,3,9,6,4,82900
3,79,1,4,4,5,68800
2,51,1,3,4,5,79500
4,126,2,5,6,4,180000
1,42,7,8,5,1,69900
4,108,0,2,3,2,168000
1,33,0,10,3,4,39500
2,84,2,3,3,4,87150
4,130,0,2,1,2,125000
3,71.65,6,11,2,5,103000
2,52,5,8,6,5,68700
2,58,7,10,6,4,84000
3,48,9,9,1,2,100000
2,58,2,4,2,3,48100
2,59.75,9,11,2,5,79500
2,55,2,2,1,2,85000
3,108,3,3,1,2,199000
3,71.85,4,11,1,1,87900
2,50,1,7,4,5,48500
1,34,1,5,6,4,45900
3,92,2,3,1,1,157000
3,70,3,5,1,1,89953
4,158,5,6,1,2,435000
4,87,1,5,1,2,90000
5,147,6,9,1,2,294000
3,73,5,8,2,2,104500
2,52.18,4,7,1,1,80453
3,85,2,2,1,2,144500
2,52,10,10,2,3,62000
3,89.81,7,7,2,5,73715
1,32.24,0,3,3,4,38300
2,36,0,6,4,5,31700
2,56,1,1,6,4,47600
2,51,2,3,3,4,58285
3,62.66,0,3,2,3,50725
4,82,0,4,1,1,84000
2,50,1,3,2,2,71489
1,32,0,5,3,4,40000
3,75,6,8,3,2,130000
3,64,1,11,1,1,111741
5,100,2,2,1,1,144000
2,39,1,4,4,5,34600
1,37,8,8,3,4,58800
2,57,1,5,3,2,136900
3,68,4,5,3,4,73520
2,64,6,8,1,1,126000
2,61,2,7,3,4,70500
2,57,1,5,4,5,57500
3,200,0,4,1,2,238000
1,39,2,3,3,4,45700
2,55,11,11,6,4,46500
4,121,2,3,2,3,190596
2,58.26,0,5,1,1,75000
3,82,1,3,6,4,66500
2,56.62,2,3,3,4,65200
2,51,1,4,1,1,65000
2,37.4,1,1,6,4,35600
2,49,3,4,6,4,60999
3,70,2,5,1,1,89953
4,142,1,2,1,2,135000
2,48,0,8,6,4,59500
3,86,2,3,2,2,125000
3,76,1,2,1,2,98000
3,69,8,10,6,4,60000
1,44,1,8,5,1,47000
3,88,2,2,1,4,135000
2,58,0,5,1,1,85000
3,78,6,8,3,2,130000
3,103,1,5,1,1,84500
2,46.31,6,11,4,5,50500
2,55,0,4,1,1,99000
2,58,0,3,6,5,84000
3,62,1,4,1,4,79000
3,77,2,5,1,4,68500
3,70,0,5,2,3,56900
3,90,1,5,6,4,125000
2,54,1,5,2,3,94000
2,50.97,2,3,1,1,91000
2,64,0,5,2,3,56000
2,45,1,6,1,1,66500
2,37,1,3,1,2,63000
2,50,5,6,4,5,45000
2,55,3,3,1,4,83000
2,53.5,1,4,2,3,73200
2,47,0,2,1,2,84000
3,79,1,10,4,2,97500
2,72,1,1,2,2,56850
1,29,0,9,6,4,36900
3,72,9,10,3,4,92200
2,63,2,4,3,4,51900
4,116,5,6,1,1,280000
2,49,5,10,3,4,57000
1,40,3,8,5,1,51000
3,70,5,8,6,5,82000
3,70,2,4,1,1,130000
2,78,1,5,2,2,147000
3,123,4,6,1,1,300000
3,78,8,8,3,4,99900
3,70,0,4,6,4,74990
2,52,1,7,1,2,62000
2,61,1,5,4,5,58900
2,50,4,10,4,5,49500
1,39,1,1,2,2,43000
4,121,2,3,2,2,190596
1,40.05,9,11,1,4,62000
3,100.12,0,17,2,3,115000
3,102,2,3,1,1,109000
3,75.75,2,4,1,1,126139
2,50,2,4,4,5,60000
3,70,0,7,6,4,65000
2,82,2,16,2,1,130000
3,78,3,8,3,2,149000
3,77,7,10,6,5,95000
2,45,2,4,4,5,38000
3,69,7,8,5,1,146000
2,40,-1,2,3,4,29150
4,98,5,11,2,5,80000
2,47,8,11,3,4,68500
3,64,6,10,2,5,78900
3,118.56,12,13,1,1,340000
3,113,4,5,1,1,250000
2,64,2,9,1,1,72400
3,117,10,11,3,4,179900
2,51,2,2,6,4,52000
4,95,2,8,3,4,125000
3,66,5,8,3,4,79000
2,65,6,7,1,1,113000
3,86,2,9,1,1,168000
1,31,10,10,4,2,45000
4,97,2,5,3,2,210000
3,100,2,2,3,2,160000
1,45.69,1,3,1,2,80824
2,60,0,8,4,5,78900
3,72,7,8,3,4,98000
2,50,2,2,4,2,79900
2,60,4,4,3,4,53500
2,57,8,8,2,3,59499
3,88,10,11,3,2,150000
3,70,7,9,4,5,79000
3,78,2,3,1,1,99000
4,170,15,17,3,2,239000
3,98,2,3,2,3,104000
2,50,6,9,3,4,56800
4,93,0,8,4,5,119000
2,52,0,5,6,4,61000
2,58,8,8,3,4,79500
3,86,1,5,1,4,110000
2,70,1,7,3,2,170000
3,67,4,8,5,1,110000
3,63,9,11,1,1,91000
3,70,4,8,6,4,73000
2,62,2,3,2,3,84630
2,106,0,3,4,5,110000
2,63,3,3,1,1,93000
3,74,3,4,1,2,112000
2,72,1,3,2,2,69000
2,42,3,3,1,4,68000
2,64,2,6,1,1,140000
2,44,2,5,4,5,37500
2,50,6,10,6,4,48000
3,61,0,7,6,4,56425
3,79,0,3,1,2,150000
1,32,1,10,3,4,57000
1,44,0,3,1,2,59000
3,66,0,1,1,2,135000
1,44,1,3,4,5,54990
4,107,1,7,2,3,85620
3,72,6,6,1,2,140000
2,70,3,3,3,4,76500
3,77,1,3,6,4,70000
3,77,5,8,3,4,85000
3,111.45,5,5,1,1,260000
4,180,10,10,5,1,254000
3,82,1,3,1,4,91500
1,32,0,3,2,1,54900
4,102,7,8,3,2,168000
3,85,2,4,2,3,85000
2,68,7,16,2,1,118000
3,98,3,3,1,4,138000
1,41,5,5,4,5,31000
2,75,4,5,1,2,125539
2,62,3,3,6,5,85000
2,74.6,2,10,1,2,95000
2,58,1,4,6,4,56000
4,140,0,2,1,1,245000
3,64,0,4,6,4,68500
4,92,8,8,5,1,138000
1,41,7,8,5,1,46000
2,48,7,10,3,4,62000
2,57,3,3,2,3,75672
2,64.25,1,2,3,4,90000
2,60,4,8,3,2,99000
2,53,2,4,6,4,42000
3,64,1,4,3,4,73000
2,58.19,2,5,1,1,123043
4,174,3,5,1,1,475000
2,51,3,4,1,1,74500
3,70.35,2,3,3,2,114900
2,59.67,1,4,1,4,70900
3,77,0,4,4,5,82500
3,80,7,8,2,3,109000
2,40,0,3,3,4,30000
2,46,0,7,6,4,35900
2,57,1,4,2,3,47900
2,39,0,2,3,4,30000
3,68.8,0,3,2,3,130000
2,59,2,5,4,5,46500
3,70.35,2,3,3,2,114900
3,116,1,2,4,5,125000
2,54,1,4,4,5,58425
1,29,0,6,6,4,23500
1,39,1,2,3,4,48300
2,46.94,8,10,3,4,68000
3,92,3,11,3,5,108888
2,53.5,1,4,2,2,79000
3,80,3,5,1,2,138999
2,55,2,9,3,4,71800
2,52,2,3,3,4,48000
4,93,6,9,2,2,110950
3,70,3,10,2,3,77900
3,110,2,3,1,2,125000
5,198.5,5,5,1,1,435000
3,112,2,6,1,1,269000
2,46,2,5,4,5,53000
3,85.04,4,11,1,1,148000
3,69,3,3,1,4,96500
2,57,1,3,2,3,97999
3,89.81,7,7,2,5,73715
2,54,2,4,2,3,103000
3,80,1,6,1,2,211000
3,62,3,4,3,4,83500
3,70,2,4,3,4,112000
3,82,2,8,6,4,99500
2,63.4,5,7,1,2,133840
1,34,2,3,3,4,36000
3,71,1,6,5,1,99900
3,70,10,11,3,4,79900
2,54,3,4,4,5,59900
2,55,8,10,6,4,53500
2,64.87,6,7,2,5,56000
4,115,0,1,1,1,112900
1,45,0,5,5,5,46200
2,53,2,9,5,1,68500
3,70,3,8,2,1,105000
2,64,0,6,3,4,101900
2,42,4,8,1,1,63000
2,58.67,5,11,1,1,95000
3,75,6,8,6,4,85000
4,98,4,9,3,4,145000
1,38,7,8,2,2,61000
3,87,5,9,3,4,126500
2,60,3,3,1,2,78599
2,55,10,10,6,4,50000
2,60,6,9,2,2,120000
2,49.1,1,3,2,3,76100
4,124,1,3,1,1,210000
2,50,4,4,1,1,119000
3,63,1,4,3,4,58750
3,92,2,4,2,2,108000
2,65.9,3,5,5,1,82375
3,58,2,4,3,4,85000
2,56.1,5,10,1,1,112943
1,67,4,4,1,1,55845
4,64,9,10,6,4,63000
1,43,3,11,6,5,53512
1,36,-1,4,3,2,50000
2,50,2,9,1,1,99750
2,73.85,1,3,1,2,117147
4,195.22,1,4,1,1,280000
2,56,7,10,3,4,58900
2,51.04,1,3,6,4,41800
3,72,4,4,1,2,99000
2,53,7,11,3,4,69900
3,73,8,9,6,5,73000
3,65,2,2,6,4,62500
1,43,1,11,6,5,55952
2,57,2,3,4,5,63000
2,60,6,9,1,2,144900
1,31,3,7,6,4,25000
4,86,7,8,6,5,87000
3,103,2,7,2,2,230000
3,62,0,4,3,4,87000
3,102,0,6,6,4,89000
1,43,1,4,2,3,42000
3,80,3,11,4,5,74990
3,61,4,5,3,4,91000
2,54,2,4,3,4,51100
3,60,2,4,1,4,73900
4,112,7,9,3,2,199000
2,52,1,5,3,4,82000
1,31,8,10,3,4,43000
2,65,1,3,2,3,59000
3,70,3,5,1,1,91683
3,100,0,7,6,4,74000
1,37,0,3,3,4,34900
2,58,1,3,6,4,47500
2,61,2,8,6,4,76000
1,37,4,10,2,3,72000
3,65,4,8,3,4,89900
2,46,2,3,1,2,57000
4,147,0,10,1,1,240000
4,119,5,6,1,2,237000
4,110.64,5,7,1,2,222450
3,70.5,1,7,4,5,69500
5,213,3,4,3,2,219000
2,56,8,10,6,4,78500
3,80,10,10,1,2,100000
2,78,4,7,3,2,155000
3,80,1,8,3,2,148000
1,37,5,5,4,5,38000
4,62,3,10,6,4,60000
5,135,4,7,1,2,160000
4,83,7,10,2,3,105990
2,54.35,0,11,2,1,130000
3,93,1,3,2,3,84900
2,48.35,4,4,6,4,53500
2,54.2,5,11,2,1,99000
2,64.76,3,8,1,2,85483
1,30,2,8,5,1,55000
3,93,1,4,1,1,111000
4,190,1,2,1,1,220000
3,64,6,8,3,2,130000
2,56,9,10,2,5,63000
3,88,2,4,1,1,120000
2,69,9,12,3,2,114650
2,48,3,4,6,4,58000
3,70,1,3,2,1,125000
2,40,3,3,6,4,38000
2,60.19,6,8,1,1,129980
2,62,4,4,3,4,83500
4,130,6,10,3,2,235000
2,67,4,6,3,4,101000
4,100,4,4,1,2,180000
2,59.85,3,11,2,5,79500
2,70,3,5,1,1,69900
3,70,3,8,5,1,115000
3,75,2,4,4,5,55650
3,88.79,1,7,2,5,72760
3,87.5,5,6,4,5,63900
3,77,1,5,4,5,74000
3,89.81,7,7,2,5,73715
2,60.25,10,11,2,5,79500
1,39,1,5,4,5,33500
2,59,2,4,6,4,57000
3,80,1,3,2,3,116500
3,88,3,9,4,2,125000
3,70.44,6,10,1,1,160000
2,45,1,2,4,2,73700
3,74.95,13,14,6,4,66957
2,64.87,7,7,2,5,56000
3,78.54,1,11,1,1,178000
3,89.01,4,11,1,1,89200
1,35,1,1,6,4,27900
2,52,3,11,4,5,50500
3,70.9,0,7,1,1,108131
3,64.75,0,2,1,2,85500
2,52.81,2,11,4,5,65000
2,64.87,4,7,2,5,56953
2,67,2,3,6,4,59950
2,50,1,8,6,4,42500
2,40,1,2,1,1,89900
1,34.4,1,3,2,3,35300
2,51.54,8,9,3,4,68500
2,116,5,6,1,1,280000
3,73.06,2,8,3,2,120000
3,75,3,8,3,4,97000
3,81.2,1,4,1,4,92900
3,83,5,6,5,5,62500
2,57,7,8,6,5,50000
3,59,0,8,3,4,66600
3,73,9,11,2,3,103000
3,69,6,10,2,3,66999
2,91,6,6,4,5,95000
2,46,2,3,3,4,43000
2,60,0,11,2,3,72100
3,70.17,4,4,1,4,86900
2,63,6,7,3,4,87000
3,96.19,1,7,1,2,187680
4,85,8,10,5,5,84500
1,33,2,7,4,5,30000
3,75,3,5,6,4,58000
2,49,3,11,3,4,71300
2,51,2,4,1,2,65000
1,37,0,3,3,4,40272
3,78,7,8,5,5,86900
4,84,10,10,2,3,105000
2,75,1,3,1,2,85000
1,36,0,8,6,4,45000
2,54,5,10,6,4,65000
2,54,2,3,1,4,61500
3,67,7,8,4,5,85000
2,56,10,11,6,4,99000
4,63,5,5,6,4,65000
3,90,5,16,2,3,100000
3,60,4,10,6,4,65000
2,56,4,8,2,3,73000
2,65.75,1,11,1,1,145500
3,62,1,4,1,1,79000
2,53.2,2,11,4,2,99400
1,40,4,8,3,2,66600
1,32,3,3,1,1,56900
3,101,7,8,1,1,195000
3,98,3,4,1,1,228000
2,60,6,6,1,1,80000
2,52.8,1,16,1,1,129000
1,34.2,1,3,2,3,53010
2,47,2,5,4,5,54800
2,44,0,4,4,5,49900
2,44,1,11,4,5,47000
2,53,3,9,1,1,65700
3,88,2,9,1,1,102300
4,173.31,1,11,1,1,400000
4,130.95,4,6,1,1,295000
3,75,1,2,2,3,63750
2,93.3,5,5,2,3,70479
2,48,3,6,1,1,109633
2,63,0,3,3,4,68500
3,89.5,2,3,1,1,123500
1,35.55,1,5,2,3,33860
2,49,3,6,6,4,65000
1,34,1,3,4,5,49500
1,37,0,3,3,4,40272
2,57,1,4,3,4,51100
2,46.15,1,5,2,3,43950
3,96,3,4,2,3,73900
1,37,0,3,3,4,40272
2,55.4,1,1,6,4,47100
2,56,2,4,4,5,59999
2,43,3,4,3,4,73100
2,64.87,1,7,2,5,56953
2,60,0,11,2,3,72100
4,150,6,6,1,1,349900
4,133,1,4,3,2,132000
2,56.8,1,4,4,5,48564
2,60,0,10,2,5,72100
4,81.5,0,8,5,5,76999
1,33,1,5,4,5,28500
2,73,9,9,3,4,96000
2,59.75,7,11,2,5,79500
1,46,3,3,2,2,64204
3,100,4,5,1,2,159000
2,54.93,2,3,2,3,61020
2,52,8,8,6,4,52700
3,108,10,11,1,1,108300
2,70,3,3,1,4,78500
1,37.19,5,7,1,1,60825
2,60,5,5,6,4,57000
2,52.4,1,4,6,4,41850
3,53,2,4,3,4,54200
2,50,6,6,6,4,45000
2,51.8,2,11,3,2,99400
2,70,1,5,1,1,190000
2,56,3,3,6,4,49999
3,67,2,11,4,5,83000
8,200,0,2,1,2,229000
4,90.29,4,10,2,3,84999
2,44.8,1,10,1,1,92000
2,64.87,5,7,2,3,56000
3,54.77,5,8,1,2,49900
2,64.55,1,5,3,2,80687
3,88.79,4,7,2,5,72760
2,52,2,10,6,4,52500
2,62,1,8,2,2,124000
2,51,6,6,1,1,62590
3,85,0,2,1,2,115000
2,55,5,12,3,2,92183
1,40,3,8,5,1,51600
3,110,2,8,2,2,125000
2,56,3,4,1,2,100000
3,74,3,3,2,2,102200
2,43,2,3,1,1,112000
2,53,6,8,5,5,55000
3,82,4,8,3,2,150000
2,63.24,2,6,1,1,125000
2,56,2,11,6,4,83000
2,64,2,3,1,1,132000
2,39.4,3,5,6,4,33155
2,53,1,5,3,4,45000
2,64.55,3,5,3,2,80687
3,89.81,6,7,2,5,73715
3,80.4,6,9,1,1,114000
4,125,0,5,1,2,319500
4,122,1,4,1,1,299000
2,63,1,10,2,3,110000
2,60,8,8,3,4,79900
2,46,5,7,1,1,67500
3,79,0,9,6,4,69900
3,64,7,10,2,5,58900
2,60,13,17,4,2,120000
4,88,4,9,6,5,96000
3,66,3,3,1,4,74900
3,100,5,6,1,2,233000
3,88.79,3,7,2,5,72760
2,53,4,10,2,1,97100
2,64.87,4,7,2,3,56953
3,65,6,10,6,4,59000
1,34,3,3,2,2,63000
2,44,1,5,4,5,37500
2,56,1,2,1,1,59000
2,47.15,1,4,3,4,73083
3,89.81,2,7,2,3,73715
2,60,1,8,6,4,44900
3,73,10,10,2,5,59000
2,54,4,6,6,4,51000
3,80,0,11,6,4,67900
2,51.14,6,8,1,1,71916
2,51,3,10,4,5,58000
3,67,0,11,1,1,95105
3,70.19,3,5,1,1,140384
3,82,8,8,5,1,91500
2,51,4,4,1,4,59900
3,72,4,8,5,5,84000
2,50,0,5,3,4,76600
2,60.14,0,9,6,4,67143
3,63,0,3,2,3,53300
2,43.5,2,5,1,4,50260
2,61,1,11,2,1,141500
4,98,5,8,5,1,102000
1,46,3,3,2,3,64204
2,45,1,3,4,5,62260
2,64,3,11,6,4,54990
3,73.04,0,5,5,1,135000
3,73,4,8,5,1,93600
3,110,4,4,1,1,225000
2,43.4,1,11,4,2,89400
1,34,1,3,4,5,37000
2,54.35,0,11,1,1,130000
7,264,12,12,6,4,320000
3,80,4,11,6,4,69500
3,66,2,10,4,5,74000
3,85,3,8,2,2,195000
2,55,1,2,3,4,57700
3,70.29,0,9,6,4,81805
1,30,1,3,4,5,36500
2,55.71,8,10,6,4,77500
4,123,2,3,3,2,255000
2,51.86,0,2,1,4,94300
2,56.3,10,11,2,5,75000
3,57,7,7,1,2,47000
3,95.61,5,6,3,2,152976
4,100,8,8,3,4,125000
2,60,3,4,1,1,118900
3,144.88,0,8,1,1,329000
3,77,4,5,1,2,137500
2,56.18,11,11,2,5,69000
4,85,4,4,4,5,58000
4,105,4,6,1,2,222000
3,82,3,5,2,3,74000
2,60,1,4,3,4,65000
3,69.54,6,11,4,5,75000
4,98,1,4,6,4,88000
3,85,3,8,5,5,79900
2,61,4,7,3,2,139000
2,51,0,3,4,5,48000
2,52,4,4,1,2,65900
2,68,4,4,6,4,51500
3,62,1,6,4,5,58700
1,36,3,4,3,4,35500
3,84,2,5,1,2,175000
3,86,3,6,6,4,71000
1,45,5,12,4,2,73983
4,141,1,3,1,1,385000
2,47,4,11,6,5,64181
3,64,4,4,3,4,69500
2,75.49,10,14,6,4,64921
2,56,1,3,1,1,85000
2,55,3,3,4,5,55000
3,138,1,2,4,5,79000
4,85,1,4,6,4,84990
2,50,3,5,6,5,55500
3,113,1,2,2,3,150000
6,211,3,3,1,2,280000
1,42,8,10,3,2,53500
3,80,4,7,3,2,139000
3,68,6,10,2,3,68000
2,55,9,11,2,2,59500
2,53,4,7,4,5,57000
2,52,7,10,6,4,53000
3,69,2,4,3,4,66000
5,164,1,5,1,1,400000
4,145,7,7,1,2,246700
2,65,2,8,6,4,64310
3,84,1,5,1,2,133820
1,46,3,3,2,3,64204
2,61,1,4,2,3,51200
2,50,1,4,1,1,81900
2,69.7,6,8,6,4,66492
1,34,1,5,6,5,45900
4,95,0,2,3,2,125000
2,50.45,7,10,2,5,57400
3,67,2,11,4,5,83000
3,107.13,1,5,5,1,133912
1,33,1,5,5,5,27950
2,56,2,3,3,4,55530
1,35,3,5,3,4,33400
3,78.6,2,8,6,4,75000
2,75,4,5,1,1,125539
2,60,9,9,3,4,78300
2,60,4,10,5,5,53900
2,80.22,2,12,1,2,145000
3,63,7,8,3,4,92000
4,143,5,5,2,3,91200
2,60,1,5,2,3,56000
1,32,0,5,3,4,37050
2,70,3,6,5,5,49600
3,86,2,5,3,4,78600
1,37,5,11,3,4,51905
2,42.77,1,10,1,2,85000
2,50,2,8,6,4,59000
3,88,15,17,1,4,115000
3,89.81,7,7,2,5,73715
2,51,1,5,6,4,44500
4,101,1,1,1,2,160000
2,47,3,8,2,2,119900
3,70,2,8,2,3,88000
2,80,2,16,2,1,130000
4,110.1,2,11,4,2,185000
3,114.2,6,6,3,2,182720
3,80,5,11,2,1,140000
2,68,2,8,2,1,197635
2,67.2,4,6,3,2,107520
3,97,10,16,2,1,165000
3,89.81,2,7,2,5,73715
2,60,6,9,1,2,160000
3,81.85,0,11,6,4,96000
4,127,2,3,1,2,246400
3,76.62,1,3,1,1,118417
2,59,2,4,1,4,71400
2,64,6,8,1,1,125000
2,53,2,11,6,4,73000
2,50,3,4,1,4,59900
2,53,4,10,4,5,56000
2,57,0,1,2,3,57500
3,145,5,5,3,4,245000
2,94,6,14,2,1,179000
1,37,1,8,1,2,76930
3,71.54,2,4,1,2,89952
1,37,7,9,6,4,47990
3,70,3,5,1,1,92715
2,52,1,5,3,4,82000
2,52.61,1,11,1,1,68700
2,53,5,10,6,4,57400
2,57,4,4,5,5,60300
2,59.5,3,11,6,4,67800
2,64,2,8,3,2,114500
3,60,0,3,5,5,72000
1,43.2,1,7,1,2,73815
3,60.54,8,10,1,1,159999
2,40,0,4,3,4,37900
2,51.3,10,11,6,4,99000
9,240,4,4,2,2,320000
2,51.67,5,7,1,2,102040
2,68,3,5,4,5,62500
3,73.5,3,4,1,4,92400
3,64,4,4,6,4,56000
2,56.45,8,11,2,5,73000
3,80,3,10,3,4,80000
1,42,1,6,2,3,40999
4,87.5,6,7,1,2,179835
2,60,0,10,2,5,72100
3,93,1,3,1,1,195000
2,45,5,6,2,3,53000
1,36.56,0,10,3,4,52500
2,48,1,4,3,4,44500
3,92.06,1,3,1,1,145927
1,47.19,5,6,3,2,87302
2,64,2,3,3,4,57500
3,95,2,9,4,2,125000
3,81,2,10,3,4,123000
3,71,2,11,6,5,95105
2,52.67,0,6,6,4,44500
2,60,2,3,2,3,52400
2,50,0,5,3,4,76600
2,48.53,0,4,1,1,93000
3,103,3,12,1,1,260400
2,55.05,2,11,2,5,75000
1,53.3,6,12,1,2,106451
3,123,1,2,1,1,219000
2,57,7,10,6,4,61900
2,51,1,3,1,1,80000
2,51.5,0,4,1,4,65400
1,30,5,5,6,4,25500
2,63.72,2,4,1,1,116700
2,58,2,5,4,5,53000
3,84,2,7,4,2,169000
2,52,0,2,2,3,63500
2,58.95,0,2,2,3,99000
2,61,4,4,1,1,89990
2,64,2,7,4,2,94000
3,83,2,5,1,1,145000
2,67,3,3,3,4,44850
2,52,4,12,1,2,103000
3,68.88,-1,11,6,4,88000
2,87,4,6,4,2,130000
2,54,1,3,6,4,42500
2,53,6,8,6,4,55000
4,84,4,7,1,1,96000
3,75,1,8,3,2,170000
2,56.3,6,11,2,5,75000
2,53,8,10,3,4,62000
1,16,0,4,3,4,19900
2,75.49,10,14,6,4,64921
2,64.32,0,6,6,4,67536
2,57,0,3,6,4,40000
2,47.57,0,6,6,4,40500
2,62,2,12,4,2,92160
1,35,2,3,6,4,28500
2,48,8,10,1,2,83000
3,79.15,2,3,2,2,114550
3,80,3,3,4,5,125000
3,76,2,9,4,5,72000
2,37,1,4,5,5,35600
1,38.7,2,11,6,4,48500
3,72.1,1,11,2,5,103000
2,56,6,8,4,2,83990
2,62,1,3,4,5,62000
1,28,2,3,2,2,59000
3,90,14,24,2,3,127000
2,64,3,8,3,2,128000
3,86,5,5,1,2,170000
2,50,2,3,1,1,71000
4,81,2,4,6,4,85000
3,89.81,5,7,2,5,73715
2,48,1,2,3,4,48000
2,55,2,7,4,5,48000
1,35,10,10,6,4,35000
2,56,4,4,3,2,89900
1,37,1,9,1,1,43500
2,51,3,4,1,4,92000
1,39,5,6,3,2,75500
1,30,1,5,4,5,36000
4,75,1,8,3,4,119000
4,145,3,4,1,1,328000
2,58,2,3,3,4,44950
2,55,1,3,6,4,45000
3,100,4,5,1,2,130000
3,90,3,4,1,1,149000
2,49,2,7,4,5,43000
2,52,10,10,6,4,55000
3,67,0,3,1,4,110000
3,116,1,2,4,5,125000
2,62,2,4,2,3,53610
2,48,0,10,6,4,62000
3,60,1,1,1,1,105000
3,78.3,4,6,3,4,114000
3,70.9,0,7,1,1,108131
1,34,3,3,2,3,63000
2,52.2,3,11,1,2,103000
2,64.17,1,4,6,4,59000
2,57,1,4,3,4,62000
2,53,13,14,1,2,88000
2,40,0,6,6,4,39900
2,45,0,3,4,5,86500
2,54.55,0,11,2,5,83000
3,76.62,1,3,1,2,118417
3,74,4,5,1,2,127500
1,42,0,4,6,1,49200
2,50,4,7,5,5,57000
2,47,4,4,4,5,37500
1,32,1,3,4,5,47000
2,64.87,3,7,2,3,56953
3,82,3,6,1,1,169000
4,129,2,6,1,2,180000
2,54,3,10,6,5,70000
3,81,2,7,1,2,149080
2,56,1,2,1,2,84900
3,83,2,4,1,2,189000
1,32,0,4,6,4,41000
1,41,6,10,3,4,52000
3,65,1,4,6,4,50000
3,85,2,5,3,2,144500
2,53,0,8,3,4,79900
3,60,3,4,3,4,67000
2,53,0,5,1,2,76680
3,120,8,9,6,4,145000
4,85,0,8,5,5,74000
1,42,0,6,1,1,74500
1,23,3,4,1,1,34000
1,39,1,2,3,4,48300
2,71,5,5,6,4,84000
3,93,4,5,1,2,175000
3,84,5,6,2,1,170000
3,70,5,7,1,2,145000
3,91,2,6,1,1,174999
3,78,1,7,3,4,88000
1,30.5,2,6,2,2,47000
2,42,2,5,4,5,42500
3,64,9,10,1,4,77000
2,67.19,1,6,1,2,87350
3,75,3,4,3,4,86300
4,95,3,5,1,2,170000
2,56.5,1,5,1,2,113000
2,58.26,0,5,1,1,75000
2,54.3,1,11,1,1,118500
2,37,4,4,4,5,35900
2,60,2,6,3,4,49500
3,70,5,8,2,5,65000
3,87,17,18,1,4,110000
4,110.1,2,11,3,2,185000
1,41.34,4,6,3,2,73140
2,57,3,5,4,5,59000
1,27,3,3,2,2,59000
2,55,3,8,1,1,74000
3,70,4,5,2,3,135000
3,80,5,5,4,5,73000
2,56,0,4,4,5,58400
3,107,3,5,1,2,160000
2,47,2,4,4,5,52000
2,65,8,9,3,2,185000
3,55,5,6,1,2,85000
2,58.5,5,6,1,2,76050
2,64.74,3,4,1,2,115053
3,74,1,8,2,3,89000
2,64.74,3,4,1,1,115053
1,32.9,5,6,3,2,69900
4,87.46,2,3,2,2,214148
1,24.6,7,11,3,4,32000
3,63.41,3,3,1,1,125000
2,56.75,1,5,4,5,55386
4,81,0,4,1,2,111247
5,124,2,5,1,2,190000
4,100,4,5,1,2,185000
4,158.24,5,8,1,1,335000
2,65,1,4,4,5,69000
2,55,2,3,4,5,59000
2,64.87,6,7,2,5,56000
4,112.23,8,15,2,3,220000
3,74,5,5,4,5,74000
2,55,5,9,3,4,79800
2,64.87,3,7,2,3,56953
2,46,1,11,6,4,61078
4,90,2,5,1,2,86000
2,72.5,6,7,2,3,79750
3,77.51,5,7,1,2,160050
1,39,0,8,5,1,46500
2,54,3,9,5,5,65400
2,60,2,8,3,4,74600
1,36,6,9,6,4,36700
2,51,5,10,4,5,50500
2,55,1,3,2,3,46500
2,73,1,1,1,1,120000
3,71.1,0,11,2,5,110700
2,52,3,3,4,5,54900
2,57,0,10,2,5,66300
2,65.9,3,5,5,1,82375
3,230,6,6,1,1,450000
1,43,8,8,5,5,43500
2,36,1,4,4,5,43500
3,75,6,7,1,1,125000
3,92.23,5,5,1,2,132000
2,60,4,8,5,1,79500
2,55,5,8,2,3,92500
3,65,1,11,3,4,93250
1,38,1,3,3,4,35100
2,54,1,3,3,4,54100
2,56,2,4,3,4,52600
2,74,2,3,1,1,126000
2,48.37,3,5,6,4,40375
2,39.4,3,5,6,4,33155
2,53,1,4,1,2,58300
3,97,3,13,1,4,120000
3,80,4,11,4,5,74000
3,90.5,4,6,3,4,137000
3,88.62,4,8,1,1,169000
2,56,5,8,5,1,89000
3,73,3,7,3,2,169000
2,38,2,6,1,1,49700
2,53,3,11,4,5,55000
3,84,2,4,3,4,71904
3,80,3,6,3,4,113980
3,85,2,9,3,4,80000
3,88,1,6,1,2,172000
1,36,4,4,5,5,32850
3,71,3,5,1,2,89953
1,35,1,3,4,5,37000
3,64.45,4,11,2,5,103000
3,85,1,8,1,2,145000
3,66,1,8,5,5,77100
1,38,2,8,1,2,90000
2,46,7,7,1,1,79000
2,52,3,8,4,2,83000
2,61,1,3,3,4,81000
3,87,0,3,2,3,160000
4,82,1,11,3,4,116000
2,70,3,3,1,4,60999
3,70,1,4,3,4,73500
3,96.1,5,6,1,2,199000
4,121,7,7,5,1,138500
2,45,1,6,1,2,67000
3,114,3,5,1,2,179000
3,77,2,4,3,4,67500
2,58,2,5,6,4,47523
1,30,2,4,2,3,48300
2,65,0,7,1,1,99000
2,63,9,11,3,4,105000
2,60.4,1,4,6,4,58000
3,87.7,10,11,2,1,145000
2,45,2,3,3,4,48000
3,95.6,10,11,2,1,140000
2,58.5,1,9,2,1,118440
4,121,2,3,2,2,190596
3,72,2,4,1,2,68000
2,48,2,3,3,4,54800
2,50,2,5,6,4,41900
2,46,9,10,3,4,56300
2,78,1,4,4,5,64030
3,121,0,1,2,2,225000
2,43.4,8,11,4,2,97800
3,69,1,3,4,5,79500
3,70.9,3,7,1,1,106257
2,67,5,6,1,2,90600
2,59,2,7,1,2,105574
2,57,9,10,2,2,80950
2,50,2,8,1,2,62000
2,56,3,5,4,5,41500
3,71.36,2,4,1,2,120131
2,57,0,3,2,5,79540
2,54.3,1,11,2,1,118500
2,55,1,3,3,2,95200
3,85,5,7,4,5,73000
1,35.44,0,2,4,5,35900
1,38.7,2,5,4,5,35500
3,87,0,5,1,1,149900
2,57,5,10,4,5,57000
4,96,7,8,3,2,139000
3,65,1,11,2,5,93250
4,100,6,8,3,2,167000
2,51,3,4,5,5,49900
2,50,7,10,4,2,82000
2,97,1,6,5,5,81600
2,54,1,2,2,3,98000
2,58,5,7,3,2,105000
4,145,3,4,1,1,328000
3,133,0,2,1,4,147900
2,65.9,3,5,5,1,80688
2,40,6,11,6,4,55544
2,55,5,9,3,4,75411
2,46,2,3,1,2,57000
1,33,1,6,4,5,28500
2,50,2,9,1,1,59000
3,89.81,6,7,2,3,73715
2,52,1,11,4,5,50500
1,39,7,8,1,2,74000
1,31,2,3,4,5,27300
3,115.81,0,5,1,1,295000
4,100,6,8,1,2,150000
2,40,8,17,3,2,64000
3,86,2,3,2,3,125000
3,129,1,3,2,2,135000
4,161,1,5,1,1,405000
4,114,5,7,2,2,139000
2,55,1,5,6,4,55000
2,70,0,3,1,2,122900
2,72,6,10,3,4,122900
3,120,5,13,1,1,330000
3,65,0,4,1,4,106000
2,40,5,10,4,5,44999
1,35,4,10,2,3,46500
1,43,5,11,6,4,53512
3,70,3,4,6,5,89900
4,98,0,10,1,1,199900
1,32,2,3,1,1,62900
1,33,3,10,2,3,45400
2,95.54,0,2,3,2,125000
2,56,7,11,6,4,107500
2,48,3,3,2,1,89900
3,92,1,4,6,4,75000
2,36,1,4,4,5,40000
2,48,0,11,2,3,67899
1,33,3,3,2,1,56900
2,45,1,1,1,1,95000
2,69,5,8,3,2,142000
3,86,3,3,3,4,59900
2,51,1,3,3,4,79500
3,70,8,8,3,4,84900
4,92,3,5,2,2,203000
2,58,2,7,3,4,62000
4,136,3,3,1,1,229000
2,54,1,2,4,5,46900
2,50,1,2,4,5,54000
4,95,1,9,5,5,84000
2,59.8,7,8,6,4,55608
2,56,0,4,4,5,56000
2,42,2,5,3,2,72000
3,65.7,1,4,4,5,66500
1,48,1,11,4,2,69000
2,64,1,5,1,2,100269
3,87.5,5,6,4,5,65400
2,63,2,11,6,5,59900
1,32,1,3,1,1,60900
3,84,1,5,1,1,133820
2,72,3,9,4,5,82500
2,74.95,13,14,6,4,64457
3,102,1,1,5,1,185000
3,117,3,5,1,2,230000
2,56,1,5,6,5,63900
3,96,2,4,4,5,92500
2,104,1,4,2,3,145000
3,103,3,3,2,3,75000
1,33,1,5,4,5,28500
2,57,5,11,3,4,73000
2,70,0,5,1,1,154000
2,52,0,2,3,4,48700
2,64,8,9,5,5,62000
2,52,2,2,3,4,45600
3,84,5,5,5,1,130000
3,82,1,5,2,3,74000
3,62,1,3,4,5,55400
1,40,-1,3,1,1,81000
2,62,3,4,2,3,52700
1,39,2,4,3,4,52000
3,98,4,11,1,1,289000
3,88,2,3,3,4,101500
2,52.55,4,5,2,3,94000
2,49,3,6,6,4,65000
3,64.5,2,3,2,3,63800
2,56,2,11,4,5,59000
3,70.18,2,11,4,5,75000
3,59.31,0,9,6,4,69048
4,95,7,8,3,4,139000
1,33,1,5,4,5,28500
2,60,0,3,1,1,179000
2,60,2,11,6,4,50990
1,36,4,4,2,3,43000
3,78.52,4,5,1,2,88100
3,90,2,4,2,3,71860
2,54,1,3,2,3,80687
2,49,2,3,6,4,39000
2,60,1,5,2,3,53200
4,124.3,3,12,1,1,330000
2,62.19,1,5,1,2,137000
2,57,1,4,4,5,57500
2,66,3,9,1,1,78100
3,102,4,16,1,1,168500
5,145,6,9,1,1,360000
3,70,3,5,1,2,89953
1,46.78,1,7,2,5,41429
4,81,8,10,2,3,95000
2,44,3,4,4,5,45500
2,50,2,4,1,4,60900
2,56,0,8,5,5,55500
3,62,3,3,3,4,85000
3,86,3,3,3,4,60000
3,71.36,2,4,1,1,120086
3,86,1,4,3,4,81500
2,50,0,4,6,5,75000
4,78,8,8,6,5,77801
2,53,8,8,3,4,65000
3,87,0,2,1,2,149000
3,116,1,2,4,5,125000
3,90,2,6,1,2,142000
6,240,8,8,3,2,249500
2,55,1,7,4,5,48000
3,78,8,8,3,2,115000
2,58,3,3,4,5,51000
3,88,2,9,1,2,102300
3,76.95,2,2,3,4,125500
3,90.15,2,6,3,2,153500
3,98,3,7,6,4,69900
3,73,5,11,4,5,69523
3,103,3,9,1,1,120800
3,89,2,7,2,3,72760
2,60,2,7,4,5,57000
2,51.33,5,6,1,1,149000
3,76,2,11,4,5,73000
2,58.2,0,5,3,4,84000
3,85,5,6,3,2,144500
2,59.65,2,6,3,2,101500
2,55,6,9,3,4,79800
2,58,2,4,6,4,56000
3,78.35,5,6,3,2,133500
2,53,1,2,3,4,49900
1,35,1,7,6,4,26900
2,55,5,9,3,4,79800
2,58,2,3,3,4,42857
2,74,1,7,6,4,73500
2,49,1,4,3,4,60000
4,140,3,3,2,3,149500
2,58,2,3,3,4,42750
2,57,1,3,6,4,57000
3,70.4,1,5,1,2,142100
1,35,0,2,2,3,33000
2,51,4,4,1,4,67400
2,60,1,4,4,5,49000
3,88.79,6,7,2,5,72760
3,85.46,1,5,1,1,191941
3,91,1,5,1,2,171000
2,55,1,2,3,4,57500
2,56.45,7,11,2,5,73000
1,30,1,3,6,4,24000
3,60,0,3,5,5,74700
2,58,1,5,1,1,115000
3,65,7,8,6,5,76000
1,43,10,10,2,3,55000
2,46,2,3,3,2,63000
2,54,1,4,4,5,48900
2,59.85,5,11,2,5,79500
3,76.95,3,11,2,5,102000
2,54,1,5,5,1,52000
2,52,9,12,3,2,86733
2,60,3,4,1,4,72400
1,41,2,12,4,2,67733
3,90,10,10,2,1,162000
2,50,1,5,6,4,50000
4,90,1,5,1,1,112455
2,47,6,8,1,2,90000
2,53.71,0,11,2,5,93000
3,89.81,5,7,2,5,73715
3,80,6,10,2,2,112000
3,61,10,10,3,4,69500
2,66,7,9,6,4,71850
2,48,6,8,3,4,76000
3,79,4,5,3,4,69850
3,79,1,5,3,2,133500
2,61.64,2,7,1,2,126160
3,80,2,4,1,2,176160
3,91.98,3,4,3,2,187000
2,57,10,16,4,2,124000
2,57,11,11,2,5,75000
3,94,1,5,1,1,111000
3,98,2,3,1,1,260000
1,38.84,2,6,6,4,37764
2,60,0,11,3,4,72100
3,76,7,8,3,4,100000
2,54,6,9,1,2,95000
3,87,0,2,1,2,115000
3,90,2,4,6,4,150000
2,63.83,6,8,1,1,125000
2,55,4,4,3,2,73000
1,48,3,8,3,2,88500
2,48,2,8,6,5,69000
2,62.94,4,6,3,2,100700
2,69.93,2,5,5,1,87413
3,65,2,4,3,4,77500
3,80,3,3,2,2,110000
3,65,2,4,1,1,97211
4,113,3,5,1,2,220000
2,58,1,8,6,4,62000
3,97,6,16,2,1,170000
2,63,7,8,5,1,71700
3,65,4,4,3,4,78000
4,120,4,5,2,2,340000
3,84,-1,5,1,1,180000
3,89.81,6,7,2,5,73715
3,71.3,4,4,1,4,91400
4,126,6,8,3,2,229000
3,87,2,3,2,2,120000
2,68,3,3,1,1,154900
3,89.81,3,7,2,3,73715
8,350,0,1,1,2,450000
2,65,0,7,1,2,99000
1,33,2,5,4,5,28500
2,55,5,11,2,5,73000
2,69.93,3,5,5,1,87413
4,106.89,1,7,2,5,85619
2,62.94,2,6,3,2,97520
3,72.65,0,3,2,2,175759
2,55,3,3,1,1,109000
2,49.69,2,3,1,4,65000
3,85,0,8,1,1,105000
3,63,3,4,3,4,83500
2,62,1,3,2,3,84630
5,180,2,4,1,1,400000
2,39,-1,5,4,5,38900
2,64.87,2,7,2,3,56953
3,107,2,3,1,2,150000
3,65,7,8,4,2,108000
5,159,2,3,1,1,149990
2,59,4,8,3,2,99950
3,54,0,2,1,4,94000
3,75,1,10,3,4,133000
3,84,2,3,6,5,119000
3,84,2,5,1,1,175000
3,70,0,3,6,4,74000
3,115,1,4,1,2,179000
2,40,8,9,1,1,72000
4,80,6,8,4,2,125000
2,60,6,10,5,5,53900
3,76,8,13,2,5,89900
3,95,3,8,1,1,84000
2,40,7,10,2,3,51000
3,109.51,1,5,1,1,245000
3,78,2,4,1,1,215000
3,110,2,6,2,1,300000
3,75,1,1,2,2,135000
2,57,0,3,2,3,75672
3,72,7,10,3,4,88000
5,140,3,3,1,1,260000
2,45,10,11,3,4,52000
2,62,2,10,1,1,99000
2,43,5,8,2,3,63500
2,57,6,10,2,3,65200
2,50,1,4,4,5,52400
3,78,5,8,5,1,84900
2,45.68,7,7,1,1,69895
3,70,7,7,4,2,89000
1,35,0,3,6,4,29000
3,77.05,11,11,6,4,88000
2,51,1,4,1,2,65000
2,55,2,4,4,5,41055
3,78.91,1,3,2,3,105000
2,70,4,8,3,2,112000
3,65,2,3,2,2,63000
4,89,3,4,2,3,92000
2,49.84,6,7,2,1,59900
2,51,2,3,1,1,71590
2,64,2,8,4,5,56000
3,102.34,5,17,2,3,119000
2,44,1,11,2,5,53700
2,51,5,8,4,2,83499
1,37,2,6,4,5,37800
2,55,2,10,2,1,97900
3,93.4,11,11,6,4,90000
1,34,3,3,2,3,63000
2,96,0,1,1,1,248000
3,85.1,4,6,3,4,129000
1,33,10,10,3,4,39500
3,74,1,7,3,2,139000
3,87,1,4,1,2,120000
3,60,3,4,2,2,124500
3,140.61,1,10,1,1,290000
2,67,4,5,5,5,57000
4,143,1,4,1,1,390000
7,214,2,2,5,4,300000
2,42,9,10,1,2,80000
2,44,7,7,1,4,54900
3,82,1,4,2,3,75200
4,79,0,8,5,5,82000
3,65,8,10,2,3,65900
3,89.81,5,7,2,5,73715
1,33,8,10,6,4,35000
1,41,5,12,3,2,67733
2,55,3,9,1,1,88000
2,59.85,2,11,2,5,79500
2,63,0,8,5,1,68700
2,44,1,10,4,5,47000
2,56,3,11,2,5,75000
2,50,8,10,3,4,61000
2,58,1,5,3,4,87375
2,47,7,11,3,2,48500
2,60.53,5,5,1,1,91800
3,89.81,4,7,2,5,73715
3,118,2,2,1,2,115000
2,60,-1,3,2,3,40000
2,61,1,8,4,5,70000
2,103,0,6,4,5,62500
2,57,0,3,2,2,75672
2,49,3,9,1,1,105000
3,67,2,8,6,4,77000
3,54,1,11,1,1,93840
2,52,3,11,4,5,48100
2,51,3,11,4,5,50500
1,44.06,1,5,3,2,55075
2,30,1,4,2,5,34000
3,95,2,5,1,1,202000
3,63,2,3,2,3,82770
2,98.26,3,5,1,2,89000
3,71.45,5,5,3,4,117500
2,46,2,4,3,4,40500
2,63,0,3,3,4,52000
2,58.26,0,5,1,1,75000
3,86,1,5,3,2,189900
3,68,1,7,3,4,72500
2,53,0,2,3,4,54000
1,36,0,3,3,4,33238
4,90.32,2,9,5,1,135000
2,56.63,0,9,6,4,66667
3,79.73,1,3,2,3,64550
2,55.7,2,10,1,1,109685
2,65,3,3,4,2,95000
3,73,1,8,5,5,77300
3,88,0,3,1,2,250000
2,53,4,4,3,4,85000
2,56.3,8,11,2,5,75000
3,62.14,7,10,2,3,69000
2,50.9,5,5,6,4,59800
2,40,7,8,3,2,68000
2,53,2,10,6,4,56000
3,102,3,10,3,2,65000
3,64.9,0,11,2,5,125700
3,75,10,10,4,5,77000
3,94.33,1,2,1,4,126050
2,44,7,11,3,4,50900
2,67.2,5,6,3,2,107520
1,39,2,2,3,4,45700
2,56.45,9,11,2,5,73000
3,90,2,5,1,1,173000
2,56,8,8,3,2,105000
3,100,5,7,2,2,238000
1,40,1,4,4,5,43802
2,68.8,2,7,1,2,109440
2,40,1,2,2,1,89900
3,72.6,2,2,1,2,117000
3,100,4,4,4,5,92500
2,59,1,3,1,2,76997
2,64.87,7,7,2,5,56000
3,116,1,2,4,5,125000
2,42,1,7,4,5,39000
2,50,1,10,3,4,68500
2,54,2,6,4,2,78000
3,78.3,5,7,1,2,157550
3,77,5,11,2,5,102000
2,55,1,4,3,4,51040
3,84.5,3,11,6,4,95883
2,45,3,3,6,4,36250
2,56.3,4,11,2,5,75000
2,60,1,4,3,4,56000
2,52,9,12,4,2,86733
3,67.2,2,3,3,4,93000
4,90,2,5,1,2,112455
2,43,1,6,2,3,85500
2,36,1,3,5,4,43500
3,80,1,6,3,2,165000
3,106.86,0,10,2,5,125500
2,40,1,3,1,1,112000
2,60,6,9,2,2,120000
1,33,2,6,4,5,28500
3,81,0,1,6,4,79500
2,53.3,4,12,1,2,106451
2,55,1,3,2,3,44590
2,56,1,8,3,4,73300
2,42,1,6,5,1,61900
3,59.4,4,5,6,4,74300
2,55,3,11,4,5,56000
2,48,2,8,1,1,95000
2,43.67,0,8,1,1,63396
2,62,2,11,4,5,65000
2,48,0,8,1,1,68400
2,63,2,7,3,4,73000
3,104.26,5,11,2,1,255000
2,56.67,2,5,1,1,69700
2,51.77,3,11,4,5,64000
1,35,0,4,4,5,37997
2,60,4,11,6,4,50990
3,74,7,10,5,5,72000
2,43.4,1,11,3,2,89400
2,60,6,11,6,4,53900
2,55,5,11,6,4,47900
2,64,1,2,1,1,89500
3,68,2,8,5,1,109800
2,45.23,2,5,6,4,52800
1,41,7,8,5,5,46200
2,51.75,1,3,3,2,84900
3,70,3,8,5,1,114900
2,45,0,8,1,1,66504
1,35,0,4,4,5,38900
2,59.1,2,5,4,5,49100
2,44,3,3,4,5,56000
2,52,3,4,6,4,62000
3,61,3,9,2,3,92000
2,53.5,0,4,1,1,85600
2,49.9,7,8,1,2,97120
4,126,6,7,3,2,229000
3,63.1,5,10,2,3,68000
2,39.4,5,5,6,4,30000
1,43,1,3,4,5,52440
2,51,9,10,5,5,67500
2,57,1,4,3,4,84900
3,75,7,8,3,4,103000
3,83.75,5,11,1,1,146000
2,65,4,4,1,1,100000
2,56,2,6,6,4,63000
3,88.79,5,7,2,3,72760
3,72.96,6,8,3,2,150000
2,45,1,11,1,1,75334
2,55,7,8,3,4,105000
3,79,7,8,3,2,139500
3,89.81,3,7,2,5,73715
4,81,2,6,3,2,149870
2,55,5,8,4,2,83500
3,70.6,0,11,1,4,105000
3,72.5,4,4,1,1,94900
3,102,20,24,2,3,101000
2,56,2,10,6,4,73000
3,75,4,8,5,5,99000
2,40,0,3,2,1,69000
2,50,1,5,3,4,39950
2,63,3,11,6,4,59900
2,43,3,4,3,4,39500
2,46.87,0,2,3,4,43700
3,91,1,5,1,1,236000
2,50.7,1,5,1,1,146000
1,37,1,5,4,5,44000
4,115,1,1,1,1,320000
2,55,2,9,3,4,77400
3,76,1,3,3,4,67200
2,53,5,5,4,5,56000
4,137,1,6,1,1,299500
3,66.95,2,11,1,4,83000
2,57,2,3,3,4,51133
3,85,2,3,4,5,74990
2,93,0,3,3,4,77000
2,50,1,2,3,4,50000
2,55,1,3,2,3,46750
2,52,2,5,4,5,49900
2,49,1,4,4,5,55500
2,63,2,11,6,4,59900
3,85,2,3,4,5,71428
2,61.07,6,7,1,1,115000
2,68,1,3,3,4,75000
3,157,1,7,1,1,164000
2,55,2,9,3,4,75000
2,60,1,3,6,4,49000
2,59,3,11,6,4,67140
3,110,2,3,1,1,125000
2,58,7,9,6,4,62000
4,106.75,2,5,1,2,185000
2,42,3,4,3,4,41900
3,71.99,3,11,4,5,80000
1,33,1,5,4,5,30000
3,84.76,6,8,1,2,96000
2,48,1,3,1,1,91900
2,50,1,6,4,5,47500
1,44.06,1,5,5,1,55075
2,55,8,10,3,4,57000
1,42,1,3,6,5,49300
2,51,1,8,6,5,66500
2,50,2,4,4,5,52000
3,86,2,4,6,4,83000
3,74.95,13,14,6,4,66957
2,57,6,10,3,4,74500
2,43,4,5,6,4,43000
5,137,4,5,1,1,287500
3,85,5,5,4,5,76900
3,70,8,10,5,5,61900
2,55,1,2,4,5,75900
2,65,3,3,3,4,76000
3,68,2,5,5,1,60000
3,86,4,5,3,2,199900
3,86,1,3,6,4,71000
2,61,-1,4,1,2,74000
2,55,2,9,3,4,79800
2,55,4,9,3,4,79800
2,43,8,8,6,4,39000
3,78,8,9,3,4,99000
3,148.97,0,4,1,2,138999
2,50,3,4,3,2,115000
2,50,3,4,3,2,115000
2,58.44,4,5,1,1,131128
2,52,1,4,1,1,65000
2,53,1,7,6,4,46000
2,50,3,4,1,1,59900
2,46,1,7,6,4,42000
1,35,1,7,6,4,32000
2,56,1,11,6,4,73000
3,89.5,1,3,1,1,123500
2,59.93,6,6,6,4,51000
2,47.6,0,6,6,4,40500
2,71.36,2,4,1,1,107383
2,55.1,1,1,1,1,67200
2,56.75,2,6,3,2,97000
1,39,1,6,6,4,36000
3,71.36,2,4,1,1,120086
2,66,3,4,1,1,64934
3,76,6,8,6,4,64000
2,72,1,5,3,4,66800
2,50,0,4,1,4,63900
2,46.31,5,11,4,5,50500
2,46,6,9,3,4,58000
1,33,3,5,6,4,34900
2,39,1,11,1,1,68034
3,71,4,10,2,1,140000
2,51,0,4,1,1,122000
3,83.66,4,5,2,3,116652
3,68,3,8,3,2,136000
1,38,2,2,6,4,36000
3,92,2,4,2,1,139900
2,51,0,5,4,5,37899
3,70,3,5,6,4,57900
3,67,4,8,6,5,73000
3,90.8,2,11,4,2,162300
3,75,1,8,5,1,138000
3,70,1,10,3,4,90000
3,77,2,5,1,2,145000
2,59.17,2,4,1,4,68900
2,58,2,5,3,4,83000
2,67.2,4,6,1,2,136000
1,32,1,5,4,5,28500
2,50,2,7,1,2,79500
3,88.79,2,7,2,3,72760
2,55,0,10,3,4,59500
3,123.23,2,6,1,2,290000
2,58,3,5,4,2,114000
2,60.15,8,11,2,3,79500
2,62,0,5,6,4,77000
2,59,1,4,6,4,59000
2,61,3,12,1,1,116900
2,51,9,9,6,4,75000
2,45,1,5,2,3,44650
1,37,0,8,3,4,61000
2,57,4,8,3,2,110900
2,55,1,4,2,2,65000
3,89.81,4,7,2,5,73715
2,56.3,5,11,2,2,75000
3,76.68,6,10,1,1,169000
4,90.1,4,4,2,3,119900
3,70.9,3,7,1,1,106257
3,58,7,10,1,2,65000
2,60,1,3,2,3,56000
3,112,3,3,3,4,64900
4,100,5,6,4,2,169000
2,61,1,12,1,1,115900
2,64.87,5,7,2,5,56000
2,57,8,8,5,1,78900
5,177.51,5,5,4,2,330000
3,83,3,8,3,2,175000
2,60,2,5,4,5,58900
3,130,3,7,1,1,265000
2,55,4,8,1,2,74000
3,77.51,2,7,1,2,152420
2,54.8,4,6,3,4,80000
3,64,3,8,4,2,97000
3,86.28,2,7,1,2,113900
1,40,0,3,1,2,47000
4,91.5,1,2,1,2,140000
3,68.64,0,6,1,1,166379
1,40,6,11,6,4,57900
3,64,2,10,4,2,91000
1,28,1,3,3,4,38000
2,55.3,3,5,3,4,82950
1,34.5,0,2,2,5,33000
2,63,1,3,2,3,59000
2,64.87,5,7,2,5,56000
3,78,11,11,2,5,102000
2,37,5,5,1,1,104500
2,50,4,4,1,4,64400
5,188.2,3,3,1,2,294000
2,98.47,5,5,1,2,89000
2,52,1,2,4,5,46900
2,59,8,10,3,4,89000
3,95.61,6,6,3,2,152976
3,108.04,2,5,1,1,169990
3,67,8,8,6,4,70500
4,90,4,10,5,5,76500
3,111,1,4,1,1,329500
2,65.15,4,11,2,5,79500
2,61,4,6,1,2,136900
2,57.34,1,5,1,1,83800
5,151,1,2,5,4,239000
3,77,4,8,5,5,76000
3,92,9,15,3,4,152000
2,50,1,3,4,5,45000
2,61.2,0,3,6,4,88500
2,56,7,11,3,4,69048
4,80,5,11,6,4,82990
2,65,1,7,2,5,56000
2,74.95,13,14,6,4,64457
2,74.95,13,14,6,4,64457
4,116.9,4,12,1,1,289000
3,75,3,5,3,2,189900
2,65,2,4,4,2,95000
1,43,1,11,6,4,55952
2,60,3,4,6,4,59629
1,46,3,3,2,3,64204
2,59.22,4,5,1,1,81800
2,47,0,3,3,4,43650
2,57.99,1,7,1,2,75387
2,60,2,4,2,3,89000
2,52,3,8,4,5,56900
2,61,1,3,4,5,51800
3,83.5,5,8,6,4,58000
2,82,14,15,3,4,135000
3,66.93,3,3,6,4,54000
3,79.05,4,5,3,4,70019
2,60.4,4,6,3,4,88000
2,44,1,11,2,3,53700
3,85.46,1,6,1,1,191941
2,53,7,10,3,4,69000
2,64.55,2,5,5,1,80687
3,84.58,2,5,1,1,175824
3,72,3,4,4,5,78500
3,72,5,8,5,5,70280
2,50,4,4,3,2,78000
2,57,1,11,6,4,73000
4,119.2,2,12,1,1,309000
2,63.24,2,6,1,1,125000
2,53,0,2,3,4,47650
3,75,4,8,5,5,90000
4,85,2,3,5,5,70000
2,61,2,3,1,1,116500
4,130,2,3,6,4,120000
2,66,1,8,5,1,92400
4,126,6,8,3,2,229000
2,57.88,1,3,2,3,46855
3,78,2,7,1,1,170000
3,63,1,5,4,5,64760
2,62,4,7,3,2,70000
2,70,5,8,3,2,145500
2,57,0,8,4,5,70000
3,76,1,5,1,2,105000
2,50.26,4,10,1,1,95000
4,60,0,10,6,4,61500
2,52.43,4,7,1,1,81257
2,45.81,1,11,4,5,56000
3,65,7,10,2,5,59000
3,160,3,3,1,1,305000
2,78,3,9,1,2,141392
3,60,1,2,2,2,73000
1,45,6,12,5,1,72000
2,56,1,4,3,4,87300
3,88.79,6,7,2,3,72760
3,83,5,9,3,4,120500
2,53,2,9,1,1,65700
4,82.63,9,10,6,4,87000
3,80,2,4,1,2,176160
2,51,0,8,5,1,75900
3,67,2,4,5,1,96000
3,86,6,16,2,1,180000
3,70,3,8,6,5,89000
3,60,0,8,6,4,64900
2,53,2,4,6,5,69000
3,70,0,3,1,1,125000
3,72,2,4,3,4,71580
2,51.35,0,4,1,4,64400
1,43,5,12,3,2,72400
2,64,1,3,4,5,59000
4,150,0,1,1,1,250000
4,96,1,8,5,5,95900
2,51,1,6,4,5,51000
3,75,7,8,5,1,117600
3,80,2,3,3,4,73000
3,96,9,16,2,1,167000
4,100,7,8,3,2,178000
1,34,4,7,4,2,58000
2,56,8,11,2,5,75000
3,68,6,8,5,5,67500
2,64,1,4,1,1,117500
1,33,3,7,6,4,26900
2,60.25,9,11,2,5,79500
2,52,1,8,2,2,124000
2,59,3,3,1,4,53000
1,41.4,0,9,1,4,48200
2,60,1,3,6,4,58000
2,52.5,3,11,4,5,47900
3,71,4,4,1,4,91400
1,32,1,5,1,4,38999
3,89.81,6,7,2,5,73715
3,117,2,4,2,1,169900
2,55,3,4,4,2,78000
2,40,3,7,6,4,32000
3,75,5,5,2,3,85000
3,55,5,10,6,4,65000
2,49.42,0,3,2,2,88000
3,98.24,7,9,6,4,70000
3,90,2,3,1,2,124000
2,38,2,10,4,5,42000
3,82.75,1,9,4,5,83000
2,63,6,7,4,2,101000
4,150,0,4,1,1,367000
2,60,2,3,6,4,55000
2,54.35,0,3,6,4,47000
3,70,0,6,2,3,59900
3,70,6,10,2,2,105000
3,93.2,4,4,3,4,144460
1,42,2,8,6,4,49000
3,80,4,8,3,2,138800
1,56,0,5,4,2,86100
3,70,4,10,2,1,140000
3,76,5,10,6,4,92000
3,70,6,10,6,4,58900
1,35,11,12,6,4,45925
2,53,5,9,6,4,64000
3,56,0,6,4,5,55000
3,75,2,3,3,4,149000
2,50.37,2,11,4,5,58000
3,96,2,3,2,2,127000
3,65,3,3,3,2,130000
3,92,4,8,2,2,119000
3,82,1,3,6,4,66500
4,135,7,8,3,2,199000
3,85,3,4,1,1,168000
2,67,1,3,6,4,62000
2,74,1,8,2,3,66500
4,93,8,8,5,1,138000
2,40,1,2,1,1,73000
2,47.17,0,10,2,2,53000
1,36,0,4,6,4,38000
2,51.5,4,4,1,2,60900
2,50,1,5,4,5,44010
2,45,4,4,2,5,56000
3,71.1,0,11,2,5,113800
2,49,0,4,3,4,45700
3,112,3,4,1,2,240000
3,70,0,5,3,4,120000
5,250,6,7,3,2,360000
2,56.77,6,7,1,2,80000
2,63,0,4,1,2,87000
2,56.79,1,1,1,2,159000
2,54.3,8,9,1,4,61600
2,57.8,4,6,3,4,84000
2,65.9,3,5,5,1,82375
2,58.85,1,4,1,4,68900
4,90,1,8,2,3,109000
1,35,11,11,1,1,66500
3,68,4,4,6,4,67999
1,46,3,3,2,3,64204
3,171,9,9,6,4,140000
2,51,4,9,3,4,58500
3,67,1,2,1,4,110000
3,81,5,8,1,2,152285
2,47,2,11,3,4,68500
3,94,4,4,6,4,99900
1,52,5,5,4,5,36190
2,70,1,4,1,1,149900
3,65.53,1,4,1,1,126000
1,37,0,3,6,4,39000
2,53,3,3,6,4,74000
2,46,3,10,3,4,70000
2,70,8,8,3,2,142000
4,62,10,10,6,4,55555
2,65,2,5,4,5,65900
3,92,1,14,3,4,110000
2,50,8,10,3,2,106900
2,51,1,4,1,1,83500
3,98,5,12,4,2,163633
3,65,8,8,3,4,79600
3,101.2,1,5,4,5,86000
1,41,10,10,2,3,44000
3,86,2,5,3,2,199900
1,34,0,8,1,1,55000
2,52,10,10,1,1,94000
2,85,0,6,6,4,48900
2,52,3,10,6,4,55000
3,92,5,5,3,4,47000
3,66,2,8,1,2,135000
4,160,1,1,1,2,275000
2,67,2,8,2,1,165000
3,63.5,6,7,2,3,70500
2,61,3,12,1,2,117900
2,54,1,3,2,3,72500
4,82,3,8,5,5,77900
2,50,3,4,4,5,48900
2,55.83,1,11,2,5,73000
2,46,4,10,4,5,44900
3,90,1,6,2,2,139000
2,41,1,1,6,4,31950
2,50,3,11,3,4,67500
1,42,1,4,5,1,59700
3,52,0,4,1,4,54900
3,79,1,4,4,5,71350
2,48,1,7,1,2,84930
3,94,3,3,1,2,155000
3,60,4,10,2,5,72000
3,75,2,5,6,4,58000
2,51.3,4,4,1,4,64900
2,59.85,5,11,2,5,79500
2,64,2,5,2,3,95900
2,60.26,8,9,6,4,67619
1,44.62,1,11,4,5,55000
2,81,4,14,3,4,137000
2,50,5,7,4,5,68500
2,59.93,6,6,6,4,51000
3,86,2,3,1,1,245000
2,64.87,2,7,2,3,56953
3,107,3,3,3,2,151200
2,56.3,11,11,2,5,75000
2,51.8,3,11,4,2,99800
4,121,0,10,2,1,172000
2,56.45,8,11,2,5,79500
1,37,4,8,1,2,76930
2,56,5,5,4,5,47025
1,51.1,2,2,4,5,55000
2,66,3,4,1,1,64500
4,91,1,5,1,2,112455
2,59.75,3,11,2,5,79500
2,59,2,4,1,4,69900
3,74,8,8,2,2,89500
3,71.87,4,4,1,2,94900
2,76,2,11,6,4,86227
3,65,4,4,4,5,59800
4,108.58,9,11,1,1,108700
4,88,1,8,3,4,95000
3,96,3,3,6,4,82500
2,51.86,9,10,2,5,65000
2,45.81,5,11,4,5,56000
2,41,2,6,1,1,52900
2,61,2,3,1,2,109000
2,50,0,4,1,1,93000
4,137,3,6,3,2,220112
2,55,6,11,4,5,56000
3,84,1,8,3,2,147350
1,36,2,10,1,1,43000
4,82,1,8,3,4,115000
2,49.1,1,3,2,3,76000
3,125,2,4,2,1,280000
3,89,-1,1,1,1,106000
2,48,8,9,3,4,53499
3,67,4,4,6,4,62000
4,155,2,3,1,2,179950
2,57.63,2,15,2,3,110000
3,90,2,4,2,3,72100
3,80,2,3,6,4,78490
3,74,2,8,5,5,96500
1,50.51,1,5,5,1,63137
2,52,8,8,4,5,48000
3,77.3,1,3,3,4,68500
3,84,1,3,1,4,106000
2,55.68,1,9,2,1,113715
4,92,8,8,3,4,131000
4,59,8,10,5,5,47000
3,80,3,5,1,2,138990
3,81,7,8,3,2,130000
3,70,8,9,5,1,97000
4,90,9,9,6,5,99000
3,75,1,8,5,1,95000
1,36,6,10,3,4,55000
2,46,1,5,1,1,71357
1,50,1,14,1,1,118000
4,110,7,8,1,2,145000
3,68,1,15,6,4,81000
2,55,4,4,3,2,119000
3,92.6,4,7,1,2,157510
2,60,4,8,3,2,112000
2,55,4,4,3,2,78000
3,79,6,10,4,5,75000
6,165,0,1,1,1,375000
2,50,2,2,4,2,79900
6,232,1,1,5,4,459200
5,134,3,3,1,1,136000
3,79,3,5,1,1,175500
2,62,1,3,1,4,87000
3,90,3,5,1,2,170000
2,53,6,8,6,4,54000
4,80,5,10,2,3,102000
3,70,3,3,1,1,160000
2,52,1,4,6,4,41900
2,59,2,7,1,2,108510
1,35.5,1,7,1,2,72900
3,65,4,6,2,3,65000
3,68,0,2,1,2,117000
3,81,3,5,1,2,125000
3,68,2,8,5,1,109000
2,52,7,11,3,4,69500
3,54,2,3,1,2,74000
3,103,3,3,2,3,75000
1,40,3,10,3,4,51470
2,58,2,2,4,5,64500
3,73,5,14,1,2,130000
3,71,1,5,1,2,89953
4,112,0,1,2,3,150000
3,66.32,2,11,4,5,74000
2,78,1,4,4,5,64160
4,86,4,8,6,4,96000
2,64.87,3,7,2,5,56953
2,65.12,3,5,3,2,80687
2,56,10,11,3,4,65000
4,86.16,4,8,3,4,115000
2,92,0,4,1,1,75342
3,69,8,8,3,4,86500
5,188,15,16,2,1,450000
2,56,2,7,3,2,95000
3,76,6,8,3,2,173000
2,66,1,3,3,4,48950
3,76.95,2,11,2,5,102000
2,51,7,7,3,2,60000
2,62,4,10,2,5,67000
2,67,2,3,6,4,59950
3,80.4,1,9,1,1,92950
3,114.2,5,6,3,2,182720
2,50,4,4,1,4,63900
2,55,8,10,1,1,139500
2,48,2,5,4,5,54500
3,240,4,4,2,2,329000
2,62,7,12,3,2,92160
2,64,8,9,5,5,61500
3,84,2,3,2,3,72500
2,58,3,11,6,4,65760
3,128,4,7,1,1,138650
4,127,2,6,1,2,290000
2,64,1,6,1,1,179000
3,81.8,10,10,6,4,102500
2,49,7,10,6,4,68000
3,75,4,10,2,5,73000
3,81,4,6,1,2,227000
2,58,1,3,4,5,53500
4,128,3,3,1,1,280000
2,48,1,11,1,1,81071
2,70,5,7,3,2,152500
2,52,1,3,3,4,55000
4,130,2,3,3,2,105000
2,59,4,11,6,4,81528
3,94,2,3,1,1,185000
3,132,2,6,1,2,350000
3,82,4,6,1,2,159000
3,68,0,3,1,2,115000
3,71,0,5,1,2,94518
2,66,3,5,1,2,126000
2,55.45,3,5,3,4,83175
3,70,2,5,1,1,94719
2,56,1,4,6,4,59000
2,55,5,10,3,4,79500
2,50,9,10,6,4,59500
2,56,9,10,2,5,62000
3,127,2,6,1,2,290000
2,44,6,10,1,2,60900
3,70,6,10,6,4,69900
4,110,1,3,1,1,250000
2,56,3,10,3,4,73000
2,60,9,10,6,4,65000
2,52,4,4,4,5,59000
3,80,6,8,3,2,175000
2,35,10,10,3,4,40000
4,98,4,4,2,5,110000
3,72,1,8,2,2,105000
1,35,8,8,4,2,54000
2,52,1,10,3,4,79500
2,41.8,1,4,3,4,41705
2,59.7,1,1,1,1,72100
2,51,4,10,2,3,71000
2,54,3,10,3,4,59000
2,53,3,4,5,5,47300
2,50.22,1,7,6,4,51300
2,66,6,7,1,1,113000
3,70.35,1,10,4,2,87000
3,62,1,4,3,4,61655
3,65,8,10,3,4,72000
3,81.85,7,11,6,4,102500
2,76,3,9,3,4,89000
3,64,2,4,4,5,69990
1,43,2,4,2,3,44500
3,105,1,5,1,4,110500
4,85,0,4,3,2,79900
2,53.51,1,2,4,5,96000
3,84.26,2,5,1,2,179000
3,73,2,8,3,4,102800
3,67,4,4,6,4,75000
3,67.5,-1,2,1,4,95000
2,50,4,4,5,5,51000
2,55,7,12,3,2,92616
5,94.4,2,7,1,1,140000
4,105,3,7,2,2,165000
2,87,7,11,3,2,53900
2,72,3,3,1,4,87000
2,55,3,5,5,1,81500
4,130,6,8,3,2,180000
4,101,4,4,2,3,125000
3,71,4,9,1,4,58000
3,74,2,8,1,2,168000
3,92,6,11,3,2,189000
4,123,2,6,3,2,160000
2,79.52,3,4,3,4,104500
3,67.66,10,11,2,3,129888
3,145,4,4,1,1,137498
1,40,0,4,4,5,50000
3,74.2,3,3,6,4,59800
5,142,2,3,1,1,350000
2,51,8,8,2,2,72000
2,50,4,4,1,1,77500
4,90,8,8,3,2,116500
2,52.2,9,10,5,5,46900
4,87,0,4,1,1,136000
2,51,2,5,4,5,46900
3,80,2,3,1,1,149000
2,52,2,10,2,3,64500
1,35,1,3,4,5,49900
3,67,2,7,4,2,92000
2,47,1,11,3,4,69600
3,75,1,5,1,2,146000
2,49,3,3,2,2,68240
2,50,9,10,2,5,47000
2,50,0,4,3,4,46500
1,32,9,10,6,4,36500
4,110,2,11,3,2,199000
2,50,4,10,3,4,59900
3,156.75,6,13,1,1,390000
4,104,6,7,3,2,245000
2,57.34,1,5,1,1,83800
2,70,2,10,1,1,142000
2,47,0,4,4,2,67000
1,37,11,11,6,4,45500
4,164,1,4,1,1,380000
2,63.86,2,2,1,1,132000
1,42,3,13,3,4,54500
2,54,1,5,1,2,123990
3,68,8,8,6,4,63000
2,63,2,8,3,2,114900
3,90,1,3,1,2,195000
1,40,4,4,6,4,45000
4,94,8,9,3,2,189000
4,80,4,4,6,4,80000
2,62,0,6,1,2,108000
2,55,3,8,4,5,56000
3,80,2,7,2,2,139000
2,55,2,5,5,1,80688
5,165,0,2,1,1,350000
2,51,3,10,2,3,55000
3,60,2,3,4,5,55650
2,75.49,10,14,6,4,64921
4,105,8,9,2,2,240000
3,75,8,8,4,5,79990
1,44,0,2,6,4,44000
3,56,1,5,3,4,89000
3,65,7,8,2,3,75500
3,110,5,6,6,4,110000
3,90.69,5,9,2,1,207850
3,95,1,10,3,4,125000
4,200,4,5,2,1,380000
1,37,0,4,5,5,40500
3,65,1,3,6,4,52500
2,64.87,5,7,2,5,56000
2,48,1,3,3,4,54800
1,37,0,8,1,2,79094
3,72,8,8,3,4,95000
2,60.4,0,6,4,5,48470
2,54.55,4,11,2,5,79000
3,60,2,3,1,2,135000
3,50,5,7,1,2,86000
3,67.1,1,9,1,1,79500
1,27.76,7,10,6,4,38900
2,52,1,3,1,4,68000
4,99,0,4,3,4,130000
4,270,5,5,1,1,377000
3,91,3,4,1,2,173500
4,170,2,5,1,1,375000
2,49,9,10,3,4,68500
2,52,1,4,3,4,54900
2,72,3,4,1,2,73000
2,61,8,9,4,2,90000
3,64,11,11,2,3,65000
3,89.81,3,7,2,5,73715
2,40,5,5,6,4,35900
4,79,5,10,6,5,114500
2,59,1,7,1,2,104440
2,51.86,0,6,6,4,54453
3,70,1,1,1,1,89953
3,70,4,11,2,3,88000
3,71,5,10,2,1,127300
2,57,1,4,4,5,57000
4,105.95,10,11,6,4,132500
2,63.5,6,7,2,3,69850
2,58,2,5,4,5,63900
2,52,1,2,4,5,46900
2,40,0,4,3,4,42900
2,55,5,8,4,2,82500
2,60,2,3,2,3,63000
2,50,0,10,4,5,55000
2,60.25,7,11,2,5,79500
2,45.17,4,11,4,5,55000
4,92,2,7,4,5,83000
3,116,2,3,1,1,149000
2,49,2,5,4,5,42000
3,63,2,2,1,2,83000
2,61,4,6,5,1,135000
1,45,1,1,4,5,33600
3,81,5,7,2,1,160000
2,62,4,7,3,2,70000
3,68.25,1,11,6,4,83000
2,60,11,11,2,5,79500
5,111,2,10,1,1,289000
3,96,1,4,1,2,119700
2,58,1,3,6,4,68000
3,72.1,3,11,2,5,103500
2,55.51,1,2,4,2,96000
2,50,0,4,6,4,38000
3,64.45,0,11,2,5,127000
2,50,0,5,3,4,76600
4,131,6,8,3,2,180000
2,54.55,2,11,2,5,83500
2,64.87,7,7,2,5,56000
4,148,2,4,1,1,329000
1,36,4,5,4,5,26000
1,44,3,12,4,2,72550
3,88.79,7,7,2,5,72760
2,51.7,5,6,6,4,40200
3,80,1,4,4,5,74500
3,78,7,8,5,1,114000
2,58.9,2,11,6,4,73500
1,29,3,4,3,4,35000
3,71.65,5,11,2,5,103000
2,55,2,4,3,4,50900
2,56,6,12,4,5,55000
2,49.9,2,7,1,2,89700
3,75,2,8,1,1,105000
3,62,1,4,1,2,79000
3,99,1,8,1,1,230000
2,49.76,8,10,6,4,69000
3,87,5,6,1,2,218000
3,96,2,3,1,2,128000
2,58.38,1,5,1,1,120089
4,80,0,5,1,1,111247
3,72,9,10,2,3,137000
3,80,1,8,2,1,130000
3,80,4,7,3,2,139000
4,80,0,4,6,4,75500
5,140,2,3,1,2,215000
1,33,6,8,4,2,52800
2,51,0,4,1,1,97000
3,78.15,10,11,2,5,102000
2,52,1,8,6,4,39900
3,78,3,4,1,1,88400
2,56.3,7,11,2,5,75000
1,41,2,4,2,3,46000
2,73,1,1,1,1,165000
2,59,1,11,2,5,79500
3,75,2,5,6,4,58800
2,60,0,5,5,5,55000
2,62,3,4,4,2,95286
4,92,0,1,1,2,138000
2,54.97,2,3,2,3,59000
3,93,4,5,1,1,204000
3,68,0,4,6,4,72000
2,61.27,7,9,6,4,45000
2,60,2,6,3,4,82998
4,108,1,7,4,5,83000
1,33,10,10,2,3,39900
2,58,4,7,3,4,62000
4,99,0,5,1,1,229000
2,45,0,1,3,2,79000
3,65,4,8,3,4,73900
3,80.38,0,3,1,4,130000
3,72,7,8,5,5,73500
1,32,3,10,2,3,44500
2,50,7,8,3,4,65000
4,103,1,1,3,4,93000
3,70,7,9,6,4,91000
2,98,0,6,5,5,54900
3,95.97,0,11,1,1,171500
3,85,2,9,3,4,80000
2,68,2,5,1,2,98000
3,68,2,2,2,1,125000
3,57,-1,1,1,1,98000
3,77.6,8,8,3,2,97000
4,88,3,4,4,5,85999
3,92,3,4,1,2,200000
3,65.2,11,11,1,4,82000
2,55,1,3,4,5,50000
3,81,0,4,2,2,210000
1,34,1,3,4,5,37000
6,175.18,0,1,2,2,200000
4,112.85,3,5,1,2,185077
4,82,2,8,2,2,109900
3,70,7,8,6,5,72500
2,67,2,3,6,4,59950
3,87,1,9,3,4,125000
2,70,3,7,6,4,44000
3,88.79,4,7,2,3,72760
2,81.64,5,5,1,2,79000
3,80,7,10,1,2,174000
2,59.75,2,11,2,5,79500
3,85,4,4,1,2,143000
3,88.79,3,7,2,5,72760
2,59,7,9,3,2,118900
2,56,3,7,6,4,43500
3,88.79,7,7,2,3,72760
1,33,8,8,3,4,41000
2,61,0,5,5,5,56000
3,76,8,10,2,3,77500
2,47,2,7,1,2,83000
2,51,3,4,1,1,65000
2,51,6,10,4,5,60500
4,81.84,1,1,1,1,129000
2,52.61,3,11,1,1,64600
2,49,2,3,1,4,61500
3,78,4,5,1,4,89999
3,78,2,6,3,4,111500
3,72,7,7,6,4,58900
4,121,3,5,1,2,132000
2,60,2,3,1,2,89900
3,77,4,11,2,5,102000
1,30,0,3,3,4,47000
2,57,6,11,2,1,89900
2,59.67,2,4,1,4,72400
2,39,1,5,4,5,38500
3,71,3,10,2,3,79900
2,50.9,0,6,6,4,43500
4,145,3,4,1,1,328000
2,58.79,2,3,3,2,107000
2,55.91,1,7,1,2,107730
2,61,2,5,4,2,108000
1,33,6,8,6,4,46000
3,88.79,3,7,2,3,72760
2,55,4,8,3,4,72500
3,66,2,8,5,5,69900
4,93,4,11,1,2,219000
2,51,3,10,4,5,50500
4,86,0,8,5,5,95000
2,57,1,5,3,4,86600
2,57,1,4,3,4,62000
3,85,2,4,1,2,115000
5,120,11,12,2,5,205000
1,30,7,9,2,2,42000
3,63,10,11,5,5,49900
4,135,2,6,1,2,290000
2,82,4,17,4,2,130000
3,150,3,4,1,2,445000
4,89,9,10,1,2,159000
2,56,9,10,5,5,49400
2,60,6,8,2,2,120000
3,80.29,0,11,3,4,99000
2,54,2,8,5,1,69000
2,45,0,8,4,5,57200
3,87,2,6,1,1,210000
3,73,4,5,4,5,83000
1,33,4,4,6,4,44500
3,100,1,4,1,1,124500
2,62,1,3,4,5,57500
1,20,6,10,3,4,33000
3,106,2,5,1,1,117500
3,72,7,7,4,2,97000
2,118.25,5,5,3,4,89110
3,88,5,7,3,4,85000
1,42,2,11,1,1,46000
2,59.97,4,9,1,2,129000
3,80,7,8,3,2,141000
3,70,1,5,2,3,132000
3,87,0,3,2,3,150000
3,73,5,12,1,2,134999
3,78,1,7,3,4,88000
2,50,4,6,3,4,42500
3,72,1,4,3,4,64300
3,150,0,6,1,1,359000
2,53,2,10,2,3,65000
3,85,5,10,2,3,123000
2,54.4,0,11,6,4,65200
3,70,6,10,6,4,62000
2,53,1,8,2,3,76990
4,125,0,2,1,4,230000
2,55,5,10,6,4,61500
5,154,0,2,3,2,220000
2,57,6,11,4,5,57100
1,32,0,8,6,5,40000
3,72.15,0,5,6,4,125000
2,55,1,4,6,4,58999
2,45,2,9,3,4,62500
2,46,7,10,6,4,53000
2,57.79,4,10,1,1,112000
1,45,3,6,6,4,36500
2,62,1,2,1,2,56500
5,142,1,2,1,1,180000
2,47,2,2,1,4,47900
1,40,2,4,4,5,46000
2,59,2,7,4,5,50500
4,88.69,2,3,1,1,159000
2,56,5,7,4,5,51900
2,52,2,5,4,5,46900
3,85,2,5,1,2,136170
3,100,5,11,1,1,180000
2,63,3,8,2,2,139000
3,85.3,8,8,6,4,84358
2,60,2,7,6,5,55501
1,37,4,11,3,4,49524
1,32,0,3,1,1,54900
2,53,3,4,1,2,85000
2,65,1,5,4,5,48000
2,57,0,3,2,3,75672
1,32,0,3,3,4,30500
2,57,4,5,3,4,75000
3,138,2,5,1,1,178000
2,54,6,8,2,5,65000
3,88,4,6,1,2,169000
3,76,7,10,5,1,115100
3,126,5,5,1,2,243000
4,152.57,10,14,6,4,131772
2,53,2,3,2,3,80130
2,61,1,8,2,2,124000
2,69.9,2,8,6,4,62672
2,57,9,9,3,4,71620
2,54,10,10,2,3,79900
2,54,3,4,3,4,53800
2,76,0,3,5,5,84000
3,84,1,5,1,2,133820
2,75,0,4,1,2,109000
2,53,1,3,4,5,45000
4,83,1,10,1,1,163000
3,83,4,5,3,2,202900
4,118,0,3,1,1,265000
2,74,1,5,5,1,88900
4,119.8,3,3,3,2,158500
3,82,1,5,3,4,73400
2,54,1,5,4,5,47000
2,75,4,5,1,2,125539
3,76,3,3,1,4,93500
3,60,5,11,3,4,66000
2,42,7,10,6,4,49600
3,62.43,0,11,2,3,76500
2,54,1,3,4,5,50000
3,145.8,1,8,2,2,280000
2,69.9,1,8,6,4,62672
2,74,2,5,3,4,66800
2,57,4,5,4,5,55500
4,99,6,8,3,2,178000
3,90,5,8,3,2,145000
2,63,3,11,6,4,59900
1,33,10,11,3,4,34500
2,67.5,1,6,2,3,68000
2,67,3,3,3,4,45500
2,63,0,3,4,5,56000
2,36,2,6,1,1,46340
2,58,1,5,1,2,84960
3,84,3,4,2,3,64900
3,55.78,8,9,1,2,85000
3,73.25,10,11,2,5,103000
3,111.35,1,3,1,1,173025
2,54,1,5,1,2,124000
2,52,2,4,6,4,41900
1,48.14,1,6,3,2,76320
1,37,1,2,4,5,46900
3,79.2,1,4,4,5,68950
3,111,11,15,3,4,155000
3,88.62,3,8,1,2,169632
2,56.18,9,9,3,4,90000
2,51,0,4,1,4,64400
2,50,2,4,1,4,56000
3,85,5,8,3,2,174000
2,38.21,10,11,4,5,47000
1,30,1,5,6,4,25500
2,65,3,3,4,2,95000
2,60,9,10,5,5,63300
3,65,1,3,2,3,84900
2,66.3,1,2,1,1,81500
1,32,4,6,6,4,30400
3,102,7,11,2,1,174990
2,55,1,11,6,4,78900
3,71,6,10,2,1,170000
3,82,1,9,4,5,94000
3,81,3,8,4,5,79000
3,102.58,5,17,2,3,119000
2,55,4,4,3,4,67500
4,95.16,0,3,1,2,165000
4,99,3,6,3,2,215000
4,86,1,1,6,5,102000
3,60,3,8,1,2,91000
3,69,1,4,3,4,58800
1,18,4,10,3,2,32500
1,43,0,3,2,3,33000
3,83,2,7,3,4,93000
3,63,3,4,1,1,129990
3,110,2,5,1,1,173000
3,98,11,16,2,1,167000
1,33,0,4,3,4,35500
1,50,2,7,3,2,105000
2,63,1,4,6,4,65000
2,60.46,1,5,5,1,92500
1,39,1,6,4,5,40900
3,68,5,5,3,4,79000
3,74,4,5,3,2,74999
4,85,0,8,5,5,82500
5,136,4,5,1,1,287000
3,64,0,4,3,4,59750
4,176.5,2,5,1,2,263600
3,74,3,11,4,5,74000
3,74,0,8,1,2,173850
3,100,6,8,3,2,167000
2,60,3,9,1,1,71600
3,65,0,4,3,4,85000
1,31,2,2,4,5,26999
3,77.87,2,9,2,1,170346
2,56,1,9,5,1,79800
2,56,9,9,3,4,90000
1,38,2,6,4,5,35500
3,73,7,10,1,2,110000
1,35,1,6,6,4,27500
2,52,2,7,3,4,61000
1,32,3,10,2,3,45500
3,79.2,3,11,3,2,144000
3,64.12,7,7,1,1,99726
2,66,1,3,4,5,68000
3,70.19,3,5,1,1,140400
4,135,7,8,3,2,199000
2,60,6,10,2,3,88000
2,56.36,1,9,2,1,114250
3,67,1,4,4,5,75900
2,56.66,5,9,2,1,118965
4,121,6,6,1,1,296000
2,61,1,8,1,2,111200
2,112.91,0,6,1,1,330000
2,53,1,3,4,5,48900
2,58,4,7,1,1,104900
3,65,1,3,2,2,140000
2,67,5,12,3,2,111466
2,62,2,5,1,2,150000
2,60,9,10,2,3,66900
3,75,2,2,4,5,56100
2,47,1,8,1,2,50000
2,63,1,5,1,1,124000
1,34,1,3,6,4,35500
2,55,3,3,6,4,70500
3,94,2,2,1,2,144000
3,69,0,3,1,1,125000
2,56.31,5,10,1,1,118500
1,30,1,10,2,5,42500
2,41.5,0,3,3,4,59000
2,55,1,5,4,5,58900
4,156,3,4,1,1,275000
4,80,4,4,6,4,75000
2,52,4,4,1,4,57900
3,95,10,11,4,5,101000
2,65.2,1,8,4,5,56000
2,56,3,7,3,2,108000
2,52,1,6,6,4,44300
2,59,4,4,1,1,120000
3,68,0,8,2,3,73900
4,90,7,10,6,4,92000
1,35,0,4,4,5,37050
3,110,10,10,1,1,204250
2,36,1,4,4,5,42800
3,99,2,8,2,2,195000
3,62,3,4,1,2,79000
2,59,1,8,6,4,74000
4,123.5,1,6,4,2,235000
2,52,2,10,4,5,50500
3,81,0,4,2,2,210000
3,87,3,3,1,1,135000
5,111,2,10,3,2,289000
2,98.26,0,3,1,1,220400
2,80,9,16,2,1,140000
4,82,10,10,2,5,85000
2,56.45,11,11,2,5,69000
2,64.87,2,7,2,5,56953
2,43,3,3,2,3,67000
2,51.3,1,5,4,5,46900
3,84.5,3,4,1,2,99900
2,67.2,6,6,3,2,107520
3,87,2,3,1,2,150000
3,72.1,2,11,2,5,103000
2,53,2,3,2,3,80130
4,96,9,9,6,4,105000
1,42,1,5,1,4,52000
2,52,1,5,6,4,58900
2,52,8,10,6,4,51900
2,60,2,2,6,4,51000
3,64,1,11,1,1,110188
3,89.5,1,3,1,2,123500
3,78,1,11,1,1,130354
1,16,2,4,3,4,19900
1,37.09,-1,9,1,4,39700
3,107.05,2,4,1,2,129999
2,58.85,1,4,1,4,69900
3,62,1,4,1,1,79000
3,78.14,1,4,1,2,92400
2,53,7,10,6,4,53000
2,56,2,3,3,4,53500
3,85,2,3,4,5,74990
2,55,2,5,1,2,74900
4,109,2,5,1,2,149500
2,40,2,3,2,2,48500
1,52,-1,2,6,4,29000
5,120,6,7,3,2,256000
1,16,4,4,3,4,19900
3,85,2,5,1,2,114500
2,54.2,3,11,6,4,68000
1,30,-1,2,6,4,19500
2,68,1,7,3,2,125000
2,56,2,3,3,4,53500
3,84.2,4,4,1,4,120000
1,35,2,4,1,4,43000
1,40,0,5,3,4,44500
1,43,8,10,3,4,64000
2,48.83,2,11,4,5,61000
4,157,1,4,1,1,458700
2,66.17,2,2,1,2,94300
2,55,1,11,1,1,88424
4,107,1,7,3,2,235000
3,93.12,1,2,1,2,130252
2,54.37,2,4,1,1,96300
2,58,4,4,4,5,59000
2,64,3,8,2,2,148000
3,62,3,6,4,5,58700
2,87,0,4,1,1,73592
2,55,1,1,1,1,117000
2,58,1,5,4,5,57200
2,56.19,7,10,4,2,79900
2,56.75,4,6,3,4,83000
1,31,1,10,2,3,40000
3,71,6,6,2,3,135000
2,56.6,2,4,1,1,64900
1,41,0,3,6,4,35000
2,55,5,9,3,4,79800
3,88,1,2,1,4,135000
2,55,7,12,4,2,92616
2,39,1,6,4,5,35000
3,68,2,8,3,4,87800
3,90,2,5,1,2,140000
4,145,3,4,1,1,325000
2,51,2,4,1,1,65000
3,79.2,3,11,4,2,144000
2,63,2,5,4,5,90500
1,32,4,4,2,3,38000
6,173.7,1,2,1,1,185000
2,54.35,0,11,2,1,130000
2,52,10,10,2,3,59999
2,57,3,5,4,5,62900
2,72,2,9,1,1,81700
1,40,2,5,6,4,31333
2,55,2,9,3,4,71800
2,80,3,9,1,1,93500
2,51.6,5,11,3,2,104900
2,54,5,5,4,5,61500
3,73.04,0,5,5,1,135000
2,52,8,8,2,3,68499
3,64.75,2,2,1,1,85500
2,63.13,1,1,1,2,112000
1,35,2,3,4,5,35000
2,52,2,3,3,4,48000
3,104.26,5,11,1,1,255000
2,70,1,8,3,2,125000
2,57,2,3,1,4,67900
3,69,3,3,1,4,75900
2,38.86,3,5,6,4,33155
4,84,5,8,2,5,88000
1,32,3,11,4,5,45000
1,40,4,4,4,5,47900
3,74,4,10,3,4,95000
1,44.06,1,5,3,2,55075
3,85,5,6,1,1,209000
1,45,1,4,2,2,76415
2,52,6,8,4,5,62500
3,85,7,7,3,2,200000
2,46,6,6,1,2,65000
2,52,1,5,6,4,56000
2,58.15,3,3,2,3,87000
4,133,2,3,1,1,374900
1,37,2,5,6,4,44300
3,80,1,8,3,2,145000
4,82,4,4,3,4,82500
2,51,1,5,4,5,46900
3,62.43,0,11,2,3,76500
2,53,1,6,6,4,45000
3,70,3,4,1,2,114000
4,81,6,8,2,2,116000
3,80,6,11,6,4,150000
1,32,7,10,3,4,39000
2,55,1,3,3,4,54500
2,54.2,8,11,6,4,68000
3,61,1,10,6,4,62900
3,78,7,11,1,1,185000
2,56,2,5,6,5,84500
3,67,4,4,1,4,74500
2,50,8,15,4,5,61000
2,55,2,11,6,4,82900
3,66,1,2,1,2,89000
2,52,7,8,2,3,89500
4,83,0,8,3,4,83500
5,210,1,2,1,2,319000
2,56,5,8,1,1,81900
3,94,2,4,1,1,175000
3,120,1,3,5,5,94500
3,77,1,4,1,2,174000
2,49,1,7,1,2,63800
3,78,5,8,1,2,79000
2,56,1,4,6,4,44000
3,75,3,4,1,2,129000
4,110,6,7,3,2,195000
2,35,3,3,1,2,64000
1,37.65,0,5,6,4,39600
3,82,2,5,1,2,135000
3,63.47,1,6,1,2,135000
2,55,8,10,5,5,47900
2,51,4,5,6,4,53333
1,35.06,10,12,1,1,60000
3,65,8,8,2,3,67000
4,187,1,8,1,1,370000
1,46.78,1,7,2,3,41429
3,80,2,11,4,5,75000
1,18,7,10,2,5,25500
3,78.4,1,11,4,2,142000
3,84,2,5,1,1,159000
3,107,2,3,4,5,76800
3,68,10,11,1,1,100000
2,54,4,4,1,1,95500
2,50,1,6,6,4,41900
3,72,10,10,6,5,75000
2,66,7,7,5,1,66900
2,93.79,5,5,2,3,70478
2,64.87,4,7,2,3,56953
3,62,7,10,2,3,69900
2,50,2,11,4,5,50500
2,43,7,7,6,4,42500
3,86,1,1,1,1,194000
4,93,1,5,3,2,200000
2,71,9,9,3,4,96000
3,72,2,11,4,5,73000
4,174,3,4,1,1,160172
3,90.63,2,2,1,1,180800
1,33,2,5,4,5,28500
2,54.1,1,10,1,1,105000
4,160,4,6,1,1,289000
2,52.2,7,12,1,2,99500
4,128,9,10,1,2,199000
4,104,10,11,2,3,110000
2,58,1,3,5,5,61000
2,56,3,4,2,3,65000
5,113,1,8,3,2,210000
2,55,3,8,6,4,44000
1,33,1,4,6,4,30000
2,65,9,11,2,3,109500
3,122,6,8,1,1,245000
2,59,1,9,6,4,73000
2,72.82,1,9,5,1,94666
2,96.24,11,11,1,2,135000
3,90,0,4,2,2,140000
3,66,3,7,6,4,67450
3,88.79,4,7,2,3,72760
1,45,3,4,6,4,52000
4,151,2,3,1,1,246400
1,42,8,8,3,4,49500
2,39,3,10,6,4,58000
2,55,5,10,2,3,58500
3,82,1,5,2,3,75700
2,82,0,4,1,2,179000
1,41,1,6,3,4,42380
2,55,2,3,3,2,100000
3,70,9,10,1,4,65500
2,59,8,9,3,4,68500
3,60,5,7,1,4,70500
5,200,0,3,1,2,229000
4,78,1,4,6,4,78000
3,70.46,0,5,6,4,66900
4,85,8,8,2,3,91899
3,97,4,5,1,1,165000
3,80,2,8,3,2,180000
4,112,2,8,1,2,160000
2,58,1,3,6,4,47500
2,49,3,4,6,5,73000
1,32,1,8,6,4,32000
4,85,3,8,4,5,84000
3,61,3,4,3,4,66000
4,95,7,10,6,4,96999
5,180,2,3,1,2,249000
2,59.63,5,8,1,2,74998
1,39,0,3,3,4,52500
2,40,0,2,3,4,38000
3,65,1,4,1,1,126000
2,63,0,8,5,1,70000
4,84,7,8,6,5,87000
1,32,1,10,2,3,45500
1,31,0,11,3,4,44000
3,74,1,8,3,2,170000
3,112,0,1,6,4,87000
3,119,6,6,1,2,230000
2,54,1,2,1,1,66414
2,50,2,3,1,1,105000
3,67,7,10,4,2,97000
1,38.96,1,3,4,5,35000
2,54,2,3,3,4,54920
1,42,1,4,6,4,42800
1,41,5,5,2,2,44900
2,37,3,10,4,5,45000
3,92,1,6,1,1,139000
2,53,1,3,3,4,80000
3,145,3,6,1,1,300000
2,69,4,12,1,1,159000
3,90,1,15,2,5,89500
3,129.36,0,7,1,1,167000
2,51,2,3,1,1,89900
3,67,9,10,4,2,85000
2,78.39,9,11,4,5,52900
2,62,2,3,2,3,84630
2,48,4,4,1,1,109999
2,40,8,10,6,4,46000
1,39,0,8,3,2,55000
4,77,1,8,6,5,103000
2,52,0,2,3,4,53800
3,65,1,8,5,5,77000
2,60,3,3,6,4,55300
1,40.13,0,3,3,4,37100
3,80,0,7,5,1,110000
3,121,6,8,1,1,245000
4,134,1,6,1,1,335000
2,37,0,4,3,4,35000
2,44,2,2,3,4,45450
1,33,4,10,4,2,57000
3,89,5,6,1,2,135000
2,55,1,3,3,4,49500
1,33,0,3,4,5,45000
3,57,0,8,2,3,62800
3,125,0,5,1,1,135000
3,76.6,1,2,1,4,104900
2,75,3,6,1,2,120000
4,87,4,4,4,5,98000
3,62,2,4,4,5,65000
4,81,6,10,4,5,94999
2,46,4,11,6,5,63665
4,132,8,8,1,2,190000
2,46,3,3,1,4,56500
3,62,5,5,3,4,59900
2,59,0,8,3,4,73000
1,40,2,8,3,2,65000
4,124,8,8,3,2,250000
4,124.16,4,13,1,1,300000
1,29,0,1,2,1,39500
3,71,10,10,3,4,72000
2,82.2,0,5,3,2,110000
2,62,1,3,2,3,53500
2,43,1,6,2,1,85500
2,51,3,6,6,4,55000
4,130,11,11,1,1,226888
3,63,2,8,6,4,50400
2,55,9,9,2,3,70000
3,90,2,5,4,5,71500
3,85,1,5,2,3,78570
3,117,2,6,1,2,290000
3,76,2,3,1,2,156000
1,33,0,5,6,4,41000
2,58,1,3,4,5,52500
2,53,8,10,2,3,85000
3,80,2,8,3,2,170500
2,55,6,10,6,4,76500
4,145,2,5,1,2,249000
3,66,6,8,4,5,73600
3,90,0,3,1,1,113900
1,42,1,3,4,5,42000
2,50,6,10,3,4,57000
3,78.42,0,10,1,1,187000
4,114,1,8,1,1,269000
4,110,5,8,1,1,100000
1,49,1,10,2,5,49000
3,102,2,5,1,1,189000
4,96,1,3,3,2,200000
1,35,1,3,4,5,47000
2,60,6,7,1,2,89500
3,80,3,5,1,2,139000
